trial,timestamp_utc,size_bytes,chunk_size,mode,alg,thread_count,ok,elapsed_ms,throughput_gbps,checked_chunks,page_cache,measurement_kind,tamper_fraction,effective_tamper_fraction,theory,verifier_ok,split,tamper_class,is_tampered,format
1,2026-09-27T06:06:42.052489+00:00,67108864,16777216,full,sha256,1,True,389.8797,0.16030585844813156,4,warm page cache; unprivileged container did not drop caches,direct,,,,,,,,
2,2026-09-27T06:06:42.442474+00:00,67108864,16777216,full,sha256,1,True,405.667,0.15406725220439424,4,warm page cache; unprivileged container did not drop caches,direct,,,,,,,,
3,2026-09-27T06:06:42.848268+00:00,67108864,16777216,full,sha256,1,True,336.7962,0.1855721650066123,4,warm page cache; unprivileged container did not drop caches,direct,,,,,,,,
4,2026-09-27T06:06:43.185143+00:00,67108864,16777216,full,sha256,1,True,375.4819,0.1664527637683734,4,warm page cache; unprivileged container did not drop caches,direct,,,,,,,,
5,2026-09-27T06:06:43.560707+00:00,67108864,16777216,full,sha256,1,True,320.1056,0.19524806813751464,4,warm page cache; unprivileged container did not drop caches,direct,,,,,,,,
6,2026-09-27T06:06:43.880999+00:00,67108864,16777216,streaming,sha256,1,True,369.6942,0.16905864360328074,4,warm page cache; unprivileged container did not drop caches,direct,,,,,,,,
7,2026-09-27T06:06:44.250805+00:00,67108864,16777216,streaming,sha256,1,True,384.4097,0.16258694824818418,4,warm page cache; unprivileged container did not drop caches,direct,,,,,,,,
8,2026-09-27T06:06:44.635321+00:00,67108864,16777216,streaming,sha256,1,True,314.5443,0.1987001512982432,4,warm page cache; unprivileged container did not drop caches,direct,,,,,,,,
9,2026-09-27T06:06:44.949973+00:00,67108864,16777216,streaming,sha256,1,True,424.8617,0.14710669377823418,4,warm page cache; unprivileged container did not drop caches,direct,,,,,,,,
10,2026-09-27T06:06:45.374915+00:00,67108864,16777216,streaming,sha256,1,True,448.3553,0.13939837445882763,4,warm page cache; unprivileged container did not drop caches,direct,,,,,,,,
11,2026-09-27T06:06:46.296952+00:00,67108864,16777216,full,sha256,4,True,487.899,0.12810028305038543,4,warm page cache; unprivileged container did not drop caches,direct,,,,,,,,
12,2026-09-27T06:06:46.785351+00:00,67108864,16777216,full,sha256,4,True,430.8967,0.1450463649408315,4,warm page cache; unprivileged container did not drop caches,direct,,,,,,,,
13,2026-09-27T06:06:47.216339+00:00,67108864,16777216,full,sha256,4,True,400.0821,0.15621793626858085,4,warm page cache; unprivileged container did not drop caches,direct,,,,,,,,
14,2026-09-27T06:06:47.616501+00:00,67108864,16777216,full,sha256,4,True,371.8609,0.16807359956370782,4,warm page cache; unprivileged container did not drop caches,direct,,,,,,,,
15,2026-09-27T06:06:47.988438+00:00,67108864,16777216,full,sha256,4,True,391.7398,0.15954467735981892,4,warm page cache; unprivileged container did not drop caches,direct,,,,,,,,
16,2026-09-27T06:06:48.380333+00:00,67108864,16777216,streaming,sha256,4,True,423.4139,0.1476097029407868,4,warm page cache; unprivileged container did not drop caches,direct,,,,,,,,
17,2026-09-27T06:06:48.803944+00:00,67108864,16777216,streaming,sha256,4,True,366.0953,0.1707205746700381,4,warm page cache; unprivileged container did not drop caches,direct,,,,,,,,
18,2026-09-27T06:06:49.170122+00:00,67108864,16777216,streaming,sha256,4,True,394.6825,0.15835513355671965,4,warm page cache; unprivileged container did not drop caches,direct,,,,,,,,
19,2026-09-27T06:06:49.564916+00:00,67108864,16777216,streaming,sha256,4,True,433.4837,0.14418073851450472,4,warm page cache; unprivileged container did not drop caches,direct,,,,,,,,
20,2026-09-27T06:06:49.998619+00:00,67108864,16777216,streaming,sha256,4,True,386.1543,0.1618523994165027,4,warm page cache; unprivileged container did not drop caches,direct,,,,,,,,
21,2026-09-27T06:06:50.925112+00:00,67108864,16777216,full,sha256,8,True,413.5469,0.15113158870251475,4,warm page cache; unprivileged container did not drop caches,direct,,,,,,,,
22,2026-09-27T06:06:51.338731+00:00,67108864,16777216,full,sha256,8,True,454.5819,0.13748897613389358,4,warm page cache; unprivileged container did not drop caches,direct,,,,,,,,
23,2026-09-27T06:06:51.793386+00:00,67108864,16777216,full,sha256,8,True,379.4429,0.16471516531209307,4,warm page cache; unprivileged container did not drop caches,direct,,,,,,,,
24,2026-09-27T06:06:52.172919+00:00,67108864,16777216,full,sha256,8,True,359.9513,0.17363460001394632,4,warm page cache; unprivileged container did not drop caches,direct,,,,,,,,
25,2026-09-27T06:06:52.532982+00:00,67108864,16777216,full,sha256,8,True,314.147,0.198951446297434,4,warm page cache; unprivileged container did not drop caches,direct,,,,,,,,
26,2026-09-27T06:06:52.847329+00:00,67108864,16777216,streaming,sha256,8,True,293.9116,0.21264897336478045,4,warm page cache; unprivileged container did not drop caches,direct,,,,,,,,
27,2026-09-27T06:06:53.141330+00:00,67108864,16777216,streaming,sha256,8,True,457.1409,0.13671933532965438,4,warm page cache; unprivileged container did not drop caches,direct,,,,,,,,
28,2026-09-27T06:06:53.598553+00:00,67108864,16777216,streaming,sha256,8,True,388.3893,0.1609210140444137,4,warm page cache; unprivileged container did not drop caches,direct,,,,,,,,
29,2026-09-27T06:06:53.987037+00:00,67108864,16777216,streaming,sha256,8,True,304.1826,0.20546868887306508,4,warm page cache; unprivileged container did not drop caches,direct,,,,,,,,
30,2026-09-27T06:06:54.291301+00:00,67108864,16777216,streaming,sha256,8,True,386.68,0.16163235750491362,4,warm page cache; unprivileged container did not drop caches,direct,,,,,,,,
31,2026-09-27T06:06:55.093368+00:00,67108864,16777216,full,sha256,12,True,434.8039,0.14374296090720437,4,warm page cache; unprivileged container did not drop caches,direct,,,,,,,,
32,2026-09-27T06:06:55.528240+00:00,67108864,16777216,full,sha256,12,True,361.299,0.17298691665351967,4,warm page cache; unprivileged container did not drop caches,direct,,,,,,,,
33,2026-09-27T06:06:55.889695+00:00,67108864,16777216,full,sha256,12,True,394.2377,0.1585337982643466,4,warm page cache; unprivileged container did not drop caches,direct,,,,,,,,
34,2026-09-27T06:06:56.284010+00:00,67108864,16777216,full,sha256,12,True,317.7193,0.19671452127711475,4,warm page cache; unprivileged container did not drop caches,direct,,,,,,,,
35,2026-09-27T06:06:56.601803+00:00,67108864,16777216,full,sha256,12,True,275.5075,0.22685407838262114,4,warm page cache; unprivileged container did not drop caches,direct,,,,,,,,
36,2026-09-27T06:06:56.877473+00:00,67108864,16777216,streaming,sha256,12,True,259.6614,0.24069807834356585,4,warm page cache; unprivileged container did not drop caches,direct,,,,,,,,
37,2026-09-27T06:06:57.137211+00:00,67108864,16777216,streaming,sha256,12,True,286.8089,0.21791513443271812,4,warm page cache; unprivileged container did not drop caches,direct,,,,,,,,
38,2026-09-27T06:06:57.424104+00:00,67108864,16777216,streaming,sha256,12,True,282.0377,0.22160158021427637,4,warm page cache; unprivileged container did not drop caches,direct,,,,,,,,
39,2026-09-27T06:06:57.706222+00:00,67108864,16777216,streaming,sha256,12,True,354.2129,0.176447554563936,4,warm page cache; unprivileged container did not drop caches,direct,,,,,,,,
40,2026-09-27T06:06:58.060514+00:00,67108864,16777216,streaming,sha256,12,True,337.4995,0.1851854595340141,4,warm page cache; unprivileged container did not drop caches,direct,,,,,,,,
41,2026-09-27T06:06:58.398190+00:00,67108864,16777216,sampled-8,sha256,12,True,415.2434,0.1505141321933112,4,warm page cache; unprivileged container did not drop caches,direct,,,,,,,,
42,2026-09-27T06:06:58.813552+00:00,67108864,16777216,sampled-8,sha256,12,True,422.9938,0.14775630281105773,4,warm page cache; unprivileged container did not drop caches,direct,,,,,,,,
43,2026-09-27T06:06:59.236646+00:00,67108864,16777216,sampled-8,sha256,12,True,408.5534,0.15297877829434292,4,warm page cache; unprivileged container did not drop caches,direct,,,,,,,,
44,2026-09-27T06:06:59.645314+00:00,67108864,16777216,sampled-8,sha256,12,True,374.8159,0.1667485290778753,4,warm page cache; unprivileged container did not drop caches,direct,,,,,,,,
45,2026-09-27T06:07:00.020238+00:00,67108864,16777216,sampled-8,sha256,12,True,302.6552,0.20650562091779692,4,warm page cache; unprivileged container did not drop caches,direct,,,,,,,,
46,2026-09-27T06:07:00.323150+00:00,67108864,16777216,sampled-32,sha256,12,True,390.1016,0.160214672280247,4,warm page cache; unprivileged container did not drop caches,direct,,,,,,,,
47,2026-09-27T06:07:00.713364+00:00,67108864,16777216,sampled-32,sha256,12,True,433.9972,0.14401014568757586,4,warm page cache; unprivileged container did not drop caches,direct,,,,,,,,
48,2026-09-27T06:07:01.147471+00:00,67108864,16777216,sampled-32,sha256,12,True,387.3959,0.16133366408885588,4,warm page cache; unprivileged container did not drop caches,direct,,,,,,,,
49,2026-09-27T06:07:01.535022+00:00,67108864,16777216,sampled-32,sha256,12,True,362.4997,0.1724139357908434,4,warm page cache; unprivileged container did not drop caches,direct,,,,,,,,
50,2026-09-27T06:07:01.897666+00:00,67108864,16777216,sampled-32,sha256,12,True,343.7315,0.1818279674687947,4,warm page cache; unprivileged container did not drop caches,direct,,,,,,,,
51,2026-09-27T06:07:02.241617+00:00,67108864,16777216,sampled-128,sha256,12,True,387.9922,0.16108571254782958,4,warm page cache; unprivileged container did not drop caches,direct,,,,,,,,
52,2026-09-27T06:07:02.629827+00:00,67108864,16777216,sampled-128,sha256,12,True,319.8666,0.19539395485493014,4,warm page cache; unprivileged container did not drop caches,direct,,,,,,,,
53,2026-09-27T06:07:02.949860+00:00,67108864,16777216,sampled-128,sha256,12,True,333.818,0.18722777082122594,4,warm page cache; unprivileged container did not drop caches,direct,,,,,,,,
54,2026-09-27T06:07:03.283794+00:00,67108864,16777216,sampled-128,sha256,12,True,436.5308,0.14317431897130742,4,warm page cache; unprivileged container did not drop caches,direct,,,,,,,,
55,2026-09-27T06:07:03.720432+00:00,67108864,16777216,sampled-128,sha256,12,True,401.1456,0.15580377797986567,4,warm page cache; unprivileged container did not drop caches,direct,,,,,,,,
56,2026-09-27T06:07:04.121780+00:00,67108864,16777216,cached,sha256,12,True,0.8259,,0,warm page cache; unprivileged container did not drop caches,direct,,,,,,,,
57,2026-09-27T06:07:04.122693+00:00,67108864,16777216,cached,sha256,12,True,0.3158,,0,warm page cache; unprivileged container did not drop caches,direct,,,,,,,,
58,2026-09-27T06:07:04.123039+00:00,67108864,16777216,cached,sha256,12,True,0.9338,,0,warm page cache; unprivileged container did not drop caches,direct,,,,,,,,
59,2026-09-27T06:07:04.123997+00:00,67108864,16777216,cached,sha256,12,True,0.3848,,0,warm page cache; unprivileged container did not drop caches,direct,,,,,,,,
60,2026-09-27T06:07:04.124411+00:00,67108864,16777216,cached,sha256,12,True,0.2044,,0,warm page cache; unprivileged container did not drop caches,direct,,,,,,,,
61,2026-09-27T06:07:04.124690+00:00,67108864,16777216,incremental-1-chunk,sha256,12,True,89.8746,0.17385334677428327,1,warm page cache; unprivileged container did not drop caches,direct,,,,,,,,
62,2026-09-27T06:07:04.214710+00:00,67108864,16777216,incremental-1-chunk,sha256,12,True,78.5797,0.19884270364992485,1,warm page cache; unprivileged container did not drop caches,direct,,,,,,,,
63,2026-09-27T06:07:04.293402+00:00,67108864,16777216,incremental-1-chunk,sha256,12,True,86.8695,0.17986750240302982,1,warm page cache; unprivileged container did not drop caches,direct,,,,,,,,
64,2026-09-27T06:07:04.380581+00:00,67108864,16777216,incremental-1-chunk,sha256,12,True,104.7113,0.1492198072223342,1,warm page cache; unprivileged container did not drop caches,direct,,,,,,,,
65,2026-09-27T06:07:04.485418+00:00,67108864,16777216,incremental-1-chunk,sha256,12,True,104.1973,0.14995590096864314,1,warm page cache; unprivileged container did not drop caches,direct,,,,,,,,
66,2026-09-27T06:07:06.100469+00:00,268435456,16777216,full,sha256,1,True,1801.0264,0.13880973649248007,16,warm page cache; unprivileged container did not drop caches,direct,,,,,,,,
67,2026-09-27T06:07:07.901575+00:00,268435456,16777216,full,sha256,1,True,1514.6905,0.1650502198303878,16,warm page cache; unprivileged container did not drop caches,direct,,,,,,,,
68,2026-09-27T06:07:09.416424+00:00,268435456,16777216,full,sha256,1,True,1597.8814,0.1564571688487018,16,warm page cache; unprivileged container did not drop caches,direct,,,,,,,,
69,2026-09-27T06:07:11.014489+00:00,268435456,16777216,full,sha256,1,True,1737.1116,0.14391706324452613,16,warm page cache; unprivileged container did not drop caches,direct,,,,,,,,
70,2026-09-27T06:07:12.751678+00:00,268435456,16777216,full,sha256,1,True,2083.3934,0.11999654025975123,16,warm page cache; unprivileged container did not drop caches,direct,,,,,,,,
71,2026-09-27T06:07:14.839885+00:00,268435456,16777216,streaming,sha256,1,True,1668.9721,0.1497927976147714,16,warm page cache; unprivileged container did not drop caches,direct,,,,,,,,
72,2026-09-27T06:07:16.508940+00:00,268435456,16777216,streaming,sha256,1,True,1335.7122,0.18716606766038374,16,warm page cache; unprivileged container did not drop caches,direct,,,,,,,,
73,2026-09-27T06:07:17.844734+00:00,268435456,16777216,streaming,sha256,1,True,1384.3181,0.18059433016154308,16,warm page cache; unprivileged container did not drop caches,direct,,,,,,,,
74,2026-09-27T06:07:19.229136+00:00,268435456,16777216,streaming,sha256,1,True,1345.9889,0.18573704433966728,16,warm page cache; unprivileged container did not drop caches,direct,,,,,,,,
75,2026-09-27T06:07:20.575207+00:00,268435456,16777216,streaming,sha256,1,True,1460.0358,0.171228678091318,16,warm page cache; unprivileged container did not drop caches,direct,,,,,,,,
76,2026-09-27T06:07:23.748091+00:00,268435456,16777216,full,sha256,4,True,1508.4086,0.16573758595648422,16,warm page cache; unprivileged container did not drop caches,direct,,,,,,,,
77,2026-09-27T06:07:25.256564+00:00,268435456,16777216,full,sha256,4,True,1834.2156,0.13629804478819174,16,warm page cache; unprivileged container did not drop caches,direct,,,,,,,,
78,2026-09-27T06:07:27.090881+00:00,268435456,16777216,full,sha256,4,True,1752.6472,0.14264137129252252,16,warm page cache; unprivileged container did not drop caches,direct,,,,,,,,
79,2026-09-27T06:07:28.843609+00:00,268435456,16777216,full,sha256,4,True,1706.0419,0.146538018790746,16,warm page cache; unprivileged container did not drop caches,direct,,,,,,,,
80,2026-09-27T06:07:30.549732+00:00,268435456,16777216,full,sha256,4,True,1299.2624,0.19241686667758567,16,warm page cache; unprivileged container did not drop caches,direct,,,,,,,,
81,2026-09-27T06:07:31.851077+00:00,268435456,16777216,streaming,sha256,4,True,1424.0021,0.17556153884885425,16,warm page cache; unprivileged container did not drop caches,direct,,,,,,,,
82,2026-09-27T06:07:33.275181+00:00,268435456,16777216,streaming,sha256,4,True,1707.7079,0.14639505971717995,16,warm page cache; unprivileged container did not drop caches,direct,,,,,,,,
83,2026-09-27T06:07:34.982973+00:00,268435456,16777216,streaming,sha256,4,True,1279.9887,0.19531422425838602,16,warm page cache; unprivileged container did not drop caches,direct,,,,,,,,
84,2026-09-27T06:07:36.263043+00:00,268435456,16777216,streaming,sha256,4,True,1410.7982,0.17720464911282138,16,warm page cache; unprivileged container did not drop caches,direct,,,,,,,,
85,2026-09-27T06:07:37.673926+00:00,268435456,16777216,streaming,sha256,4,True,1315.5111,0.19004020566607155,16,warm page cache; unprivileged container did not drop caches,direct,,,,,,,,
86,2026-09-27T06:07:40.512029+00:00,268435456,16777216,full,sha256,8,True,1592.5142,0.15698447147284464,16,warm page cache; unprivileged container did not drop caches,direct,,,,,,,,
87,2026-09-27T06:07:42.104619+00:00,268435456,16777216,full,sha256,8,True,1614.5931,0.15483777305873536,16,warm page cache; unprivileged container did not drop caches,direct,,,,,,,,
88,2026-09-27T06:07:43.719290+00:00,268435456,16777216,full,sha256,8,True,1512.2981,0.16531132321068182,16,warm page cache; unprivileged container did not drop caches,direct,,,,,,,,
89,2026-09-27T06:07:45.231667+00:00,268435456,16777216,full,sha256,8,True,1438.3321,0.17381243177427522,16,warm page cache; unprivileged container did not drop caches,direct,,,,,,,,
90,2026-09-27T06:07:46.670067+00:00,268435456,16777216,full,sha256,8,True,1493.5283,0.16738886032490982,16,warm page cache; unprivileged container did not drop caches,direct,,,,,,,,
91,2026-09-27T06:07:48.163778+00:00,268435456,16777216,streaming,sha256,8,True,1382.1251,0.1808808768468209,16,warm page cache; unprivileged container did not drop caches,direct,,,,,,,,
92,2026-09-27T06:07:49.548381+00:00,268435456,16777216,streaming,sha256,8,True,1328.8865,0.18812742848994252,16,warm page cache; unprivileged container did not drop caches,direct,,,,,,,,
93,2026-09-27T06:07:50.877348+00:00,268435456,16777216,streaming,sha256,8,True,1470.8675,0.16996772312937772,16,warm page cache; unprivileged container did not drop caches,direct,,,,,,,,
94,2026-09-27T06:07:52.348307+00:00,268435456,16777216,streaming,sha256,8,True,1534.0808,0.16296403683560867,16,warm page cache; unprivileged container did not drop caches,direct,,,,,,,,
95,2026-09-27T06:07:53.882471+00:00,268435456,16777216,streaming,sha256,8,True,1495.2805,0.16719271066532332,16,warm page cache; unprivileged container did not drop caches,direct,,,,,,,,
96,2026-09-27T06:07:56.823250+00:00,268435456,16777216,full,sha256,12,True,1523.5758,0.16408766797162305,16,warm page cache; unprivileged container did not drop caches,direct,,,,,,,,
97,2026-09-27T06:07:58.346897+00:00,268435456,16777216,full,sha256,12,True,1528.0995,0.1636019120482665,16,warm page cache; unprivileged container did not drop caches,direct,,,,,,,,
98,2026-09-27T06:07:59.875073+00:00,268435456,16777216,full,sha256,12,True,1411.3684,0.177133057534801,16,warm page cache; unprivileged container did not drop caches,direct,,,,,,,,
99,2026-09-27T06:08:01.286517+00:00,268435456,16777216,full,sha256,12,True,1215.7381,0.20563639487814028,16,warm page cache; unprivileged container did not drop caches,direct,,,,,,,,
100,2026-09-27T06:08:02.502335+00:00,268435456,16777216,full,sha256,12,True,1306.0557,0.19141603225651097,16,warm page cache; unprivileged container did not drop caches,direct,,,,,,,,
101,2026-09-27T06:08:03.808552+00:00,268435456,16777216,streaming,sha256,12,True,1549.3676,0.1613561558922492,16,warm page cache; unprivileged container did not drop caches,direct,,,,,,,,
102,2026-09-27T06:08:05.357998+00:00,268435456,16777216,streaming,sha256,12,True,1506.1956,0.165981098338091,16,warm page cache; unprivileged container did not drop caches,direct,,,,,,,,
103,2026-09-27T06:08:06.864272+00:00,268435456,16777216,streaming,sha256,12,True,1310.7566,0.19072953742899332,16,warm page cache; unprivileged container did not drop caches,direct,,,,,,,,
104,2026-09-27T06:08:08.175130+00:00,268435456,16777216,streaming,sha256,12,True,1261.2572,0.19821492396634088,16,warm page cache; unprivileged container did not drop caches,direct,,,,,,,,
105,2026-09-27T06:08:09.436515+00:00,268435456,16777216,streaming,sha256,12,True,1388.2285,0.18008562711398018,16,warm page cache; unprivileged container did not drop caches,direct,,,,,,,,
106,2026-09-27T06:08:10.825049+00:00,268435456,16777216,sampled-8,sha256,12,True,746.101,0.16753763900597907,8,warm page cache; unprivileged container did not drop caches,direct,,,,,,,,
107,2026-09-27T06:08:11.571253+00:00,268435456,16777216,sampled-8,sha256,12,True,749.6047,0.16675455743540563,8,warm page cache; unprivileged container did not drop caches,direct,,,,,,,,
108,2026-09-27T06:08:12.320966+00:00,268435456,16777216,sampled-8,sha256,12,True,754.4589,0.16568165608491067,8,warm page cache; unprivileged container did not drop caches,direct,,,,,,,,
109,2026-09-27T06:08:13.075540+00:00,268435456,16777216,sampled-8,sha256,12,True,776.1983,0.1610413215282744,8,warm page cache; unprivileged container did not drop caches,direct,,,,,,,,
110,2026-09-27T06:08:13.851855+00:00,268435456,16777216,sampled-8,sha256,12,True,683.4993,0.1828824111451175,8,warm page cache; unprivileged container did not drop caches,direct,,,,,,,,
111,2026-09-27T06:08:14.535680+00:00,268435456,16777216,sampled-32,sha256,12,True,1735.2669,0.14407005631237477,16,warm page cache; unprivileged container did not drop caches,direct,,,,,,,,
112,2026-09-27T06:08:16.271063+00:00,268435456,16777216,sampled-32,sha256,12,True,1622.5542,0.15407805791633955,16,warm page cache; unprivileged container did not drop caches,direct,,,,,,,,
113,2026-09-27T06:08:17.893746+00:00,268435456,16777216,sampled-32,sha256,12,True,1723.2163,0.14507755062437605,16,warm page cache; unprivileged container did not drop caches,direct,,,,,,,,
114,2026-09-27T06:08:19.617075+00:00,268435456,16777216,sampled-32,sha256,12,True,1526.2484,0.16380033551550327,16,warm page cache; unprivileged container did not drop caches,direct,,,,,,,,
115,2026-09-27T06:08:21.143577+00:00,268435456,16777216,sampled-32,sha256,12,True,1407.713,0.17759301789498286,16,warm page cache; unprivileged container did not drop caches,direct,,,,,,,,
116,2026-09-27T06:08:22.551612+00:00,268435456,16777216,sampled-128,sha256,12,True,1631.2019,0.15326122413172766,16,warm page cache; unprivileged container did not drop caches,direct,,,,,,,,
117,2026-09-27T06:08:24.182944+00:00,268435456,16777216,sampled-128,sha256,12,True,1694.8189,0.1475083857042189,16,warm page cache; unprivileged container did not drop caches,direct,,,,,,,,
118,2026-09-27T06:08:25.878017+00:00,268435456,16777216,sampled-128,sha256,12,True,1527.5567,0.1636600461377309,16,warm page cache; unprivileged container did not drop caches,direct,,,,,,,,
119,2026-09-27T06:08:27.405958+00:00,268435456,16777216,sampled-128,sha256,12,True,1754.8575,0.142461709853934,16,warm page cache; unprivileged container did not drop caches,direct,,,,,,,,
120,2026-09-27T06:08:29.161062+00:00,268435456,16777216,sampled-128,sha256,12,True,1725.2825,0.14490380560864669,16,warm page cache; unprivileged container did not drop caches,direct,,,,,,,,
121,2026-09-27T06:08:30.886567+00:00,268435456,16777216,cached,sha256,12,True,0.7859,,0,warm page cache; unprivileged container did not drop caches,direct,,,,,,,,
122,2026-09-27T06:08:30.887412+00:00,268435456,16777216,cached,sha256,12,True,0.369,,0,warm page cache; unprivileged container did not drop caches,direct,,,,,,,,
123,2026-09-27T06:08:30.887810+00:00,268435456,16777216,cached,sha256,12,True,0.2151,,0,warm page cache; unprivileged container did not drop caches,direct,,,,,,,,
124,2026-09-27T06:08:30.888038+00:00,268435456,16777216,cached,sha256,12,True,0.1872,,0,warm page cache; unprivileged container did not drop caches,direct,,,,,,,,
125,2026-09-27T06:08:30.888234+00:00,268435456,16777216,cached,sha256,12,True,0.2073,,0,warm page cache; unprivileged container did not drop caches,direct,,,,,,,,
126,2026-09-27T06:08:30.889084+00:00,268435456,16777216,incremental-1-chunk,sha256,12,True,81.0458,0.19279222365625362,1,warm page cache; unprivileged container did not drop caches,direct,,,,,,,,
127,2026-09-27T06:08:30.970187+00:00,268435456,16777216,incremental-1-chunk,sha256,12,True,108.797,0.14361609235548775,1,warm page cache; unprivileged container did not drop caches,direct,,,,,,,,
128,2026-09-27T06:08:31.079082+00:00,268435456,16777216,incremental-1-chunk,sha256,12,True,108.77,0.14365174220832952,1,warm page cache; unprivileged container did not drop caches,direct,,,,,,,,
129,2026-09-27T06:08:31.187945+00:00,268435456,16777216,incremental-1-chunk,sha256,12,True,90.5879,0.17248440465006917,1,warm page cache; unprivileged container did not drop caches,direct,,,,,,,,
130,2026-09-27T06:08:31.278709+00:00,268435456,16777216,incremental-1-chunk,sha256,12,True,168.0721,0.09296605444925124,1,warm page cache; unprivileged container did not drop caches,direct,,,,,,,,
131,2026-09-27T06:08:37.906474+00:00,1073741824,16777216,full,sha256,1,True,6090.5847,0.16418784882837276,64,warm page cache; unprivileged container did not drop caches,direct,,,,,,,,
132,2026-09-27T06:08:43.997137+00:00,1073741824,16777216,full,sha256,1,True,6460.6103,0.15478413858207793,64,warm page cache; unprivileged container did not drop caches,direct,,,,,,,,
133,2026-09-27T06:08:50.458071+00:00,1073741824,16777216,full,sha256,1,True,6218.3897,0.16081333725353367,64,warm page cache; unprivileged container did not drop caches,direct,,,,,,,,
134,2026-09-27T06:08:56.676715+00:00,1073741824,16777216,full,sha256,1,True,5815.6901,0.1719486394228606,64,warm page cache; unprivileged container did not drop caches,direct,,,,,,,,
135,2026-09-27T06:09:02.492587+00:00,1073741824,16777216,full,sha256,1,True,6789.0826,0.14729530614342504,64,warm page cache; unprivileged container did not drop caches,direct,,,,,,,,
136,2026-09-27T06:09:09.282361+00:00,1073741824,16777216,streaming,sha256,1,True,6242.5448,0.16019108104758817,64,warm page cache; unprivileged container did not drop caches,direct,,,,,,,,
137,2026-09-27T06:09:15.525178+00:00,1073741824,16777216,streaming,sha256,1,True,5685.0046,0.17590135283267844,64,warm page cache; unprivileged container did not drop caches,direct,,,,,,,,
138,2026-09-27T06:09:21.210263+00:00,1073741824,16777216,streaming,sha256,1,True,5713.1664,0.175034285715886,64,warm page cache; unprivileged container did not drop caches,direct,,,,,,,,
139,2026-09-27T06:09:26.923506+00:00,1073741824,16777216,streaming,sha256,1,True,6263.5924,0.15965278966747581,64,warm page cache; unprivileged container did not drop caches,direct,,,,,,,,
140,2026-09-27T06:09:33.187188+00:00,1073741824,16777216,streaming,sha256,1,True,5831.927,0.17146991037439258,64,warm page cache; unprivileged container did not drop caches,direct,,,,,,,,
141,2026-09-27T06:09:45.451255+00:00,1073741824,16777216,full,sha256,4,True,5978.1441,0.1672759945682808,64,warm page cache; unprivileged container did not drop caches,direct,,,,,,,,
142,2026-09-27T06:09:51.429491+00:00,1073741824,16777216,full,sha256,4,True,6228.0899,0.1605628717722909,64,warm page cache; unprivileged container did not drop caches,direct,,,,,,,,
143,2026-09-27T06:09:57.657657+00:00,1073741824,16777216,full,sha256,4,True,6579.454,0.15198829568532587,64,warm page cache; unprivileged container did not drop caches,direct,,,,,,,,
144,2026-09-27T06:10:04.237196+00:00,1073741824,16777216,full,sha256,4,True,5975.8796,0.16733938213882354,64,warm page cache; unprivileged container did not drop caches,direct,,,,,,,,
145,2026-09-27T06:10:10.213165+00:00,1073741824,16777216,full,sha256,4,True,6240.0882,0.16025414512570513,64,warm page cache; unprivileged container did not drop caches,direct,,,,,,,,
146,2026-09-27T06:10:16.453647+00:00,1073741824,16777216,streaming,sha256,4,True,5593.788,0.1787697352849268,64,warm page cache; unprivileged container did not drop caches,direct,,,,,,,,
147,2026-09-27T06:10:22.047512+00:00,1073741824,16777216,streaming,sha256,4,True,5027.1154,0.1989212342330554,64,warm page cache; unprivileged container did not drop caches,direct,,,,,,,,
148,2026-09-27T06:10:27.074710+00:00,1073741824,16777216,streaming,sha256,4,True,5620.6846,0.1779142704431414,64,warm page cache; unprivileged container did not drop caches,direct,,,,,,,,
149,2026-09-27T06:10:32.695537+00:00,1073741824,16777216,streaming,sha256,4,True,5586.2448,0.17901113105533792,64,warm page cache; unprivileged container did not drop caches,direct,,,,,,,,
150,2026-09-27T06:10:38.281936+00:00,1073741824,16777216,streaming,sha256,4,True,5267.5422,0.18984185831487024,64,warm page cache; unprivileged container did not drop caches,direct,,,,,,,,
151,2026-09-27T06:10:49.684943+00:00,1073741824,16777216,full,sha256,8,True,6352.6527,0.1574145553400078,64,warm page cache; unprivileged container did not drop caches,direct,,,,,,,,
152,2026-09-27T06:10:56.037664+00:00,1073741824,16777216,full,sha256,8,True,5645.825,0.17712203265244675,64,warm page cache; unprivileged container did not drop caches,direct,,,,,,,,
153,2026-09-27T06:11:01.683562+00:00,1073741824,16777216,full,sha256,8,True,6198.6899,0.1613244114695913,64,warm page cache; unprivileged container did not drop caches,direct,,,,,,,,
154,2026-09-27T06:11:07.882409+00:00,1073741824,16777216,full,sha256,8,True,6288.4973,0.15902050240206034,64,warm page cache; unprivileged container did not drop caches,direct,,,,,,,,
155,2026-09-27T06:11:14.171005+00:00,1073741824,16777216,full,sha256,8,True,6057.3757,0.16508799346885483,64,warm page cache; unprivileged container did not drop caches,direct,,,,,,,,
156,2026-09-27T06:11:20.228954+00:00,1073741824,16777216,streaming,sha256,8,True,5709.7792,0.1751381209276884,64,warm page cache; unprivileged container did not drop caches,direct,,,,,,,,
157,2026-09-27T06:11:25.938818+00:00,1073741824,16777216,streaming,sha256,8,True,5571.1503,0.1794961446292339,64,warm page cache; unprivileged container did not drop caches,direct,,,,,,,,
158,2026-09-27T06:11:31.510140+00:00,1073741824,16777216,streaming,sha256,8,True,5859.8714,0.1706522091935328,64,warm page cache; unprivileged container did not drop caches,direct,,,,,,,,
159,2026-09-27T06:11:37.370529+00:00,1073741824,16777216,streaming,sha256,8,True,5734.8962,0.1743710723133925,64,warm page cache; unprivileged container did not drop caches,direct,,,,,,,,
160,2026-09-27T06:11:43.105509+00:00,1073741824,16777216,streaming,sha256,8,True,5799.6075,0.1724254615506308,64,warm page cache; unprivileged container did not drop caches,direct,,,,,,,,
161,2026-09-27T06:11:55.045998+00:00,1073741824,16777216,full,sha256,12,True,6539.8314,0.15290914074635015,64,warm page cache; unprivileged container did not drop caches,direct,,,,,,,,
162,2026-09-27T06:12:01.585901+00:00,1073741824,16777216,full,sha256,12,True,6300.6262,0.1587143830243413,64,warm page cache; unprivileged container did not drop caches,direct,,,,,,,,
163,2026-09-27T06:12:07.886617+00:00,1073741824,16777216,full,sha256,12,True,6212.5787,0.16096375567845925,64,warm page cache; unprivileged container did not drop caches,direct,,,,,,,,
164,2026-09-27T06:12:14.099551+00:00,1073741824,16777216,full,sha256,12,True,6110.544,0.16365155050025007,64,warm page cache; unprivileged container did not drop caches,direct,,,,,,,,
165,2026-09-27T06:12:20.210191+00:00,1073741824,16777216,full,sha256,12,True,6188.9051,0.1615794690404931,64,warm page cache; unprivileged container did not drop caches,direct,,,,,,,,
166,2026-09-27T06:12:26.399357+00:00,1073741824,16777216,streaming,sha256,12,True,5428.6296,0.18420855237572298,64,warm page cache; unprivileged container did not drop caches,direct,,,,,,,,
167,2026-09-27T06:12:31.828114+00:00,1073741824,16777216,streaming,sha256,12,True,5104.2069,0.19591682304257688,64,warm page cache; unprivileged container did not drop caches,direct,,,,,,,,
168,2026-09-27T06:12:36.932401+00:00,1073741824,16777216,streaming,sha256,12,True,5631.9464,0.1775585080142098,64,warm page cache; unprivileged container did not drop caches,direct,,,,,,,,
169,2026-09-27T06:12:42.564430+00:00,1073741824,16777216,streaming,sha256,12,True,5366.5516,0.18633939902860525,64,warm page cache; unprivileged container did not drop caches,direct,,,,,,,,
170,2026-09-27T06:12:47.931104+00:00,1073741824,16777216,streaming,sha256,12,True,5135.0273,0.19474093156233074,64,warm page cache; unprivileged container did not drop caches,direct,,,,,,,,
171,2026-09-27T06:12:53.066339+00:00,1073741824,16777216,sampled-8,sha256,12,True,641.1419,0.19496464043295253,8,warm page cache; unprivileged container did not drop caches,direct,,,,,,,,
172,2026-09-27T06:12:53.708064+00:00,1073741824,16777216,sampled-8,sha256,12,True,695.1043,0.17982912780139612,8,warm page cache; unprivileged container did not drop caches,direct,,,,,,,,
173,2026-09-27T06:12:54.403294+00:00,1073741824,16777216,sampled-8,sha256,12,True,699.8443,0.17861115679587589,8,warm page cache; unprivileged container did not drop caches,direct,,,,,,,,
174,2026-09-27T06:12:55.103315+00:00,1073741824,16777216,sampled-8,sha256,12,True,648.8825,0.1926388830027008,8,warm page cache; unprivileged container did not drop caches,direct,,,,,,,,
175,2026-09-27T06:12:55.752346+00:00,1073741824,16777216,sampled-8,sha256,12,True,592.7063,0.2108970328137224,8,warm page cache; unprivileged container did not drop caches,direct,,,,,,,,
176,2026-09-27T06:12:56.345267+00:00,1073741824,16777216,sampled-32,sha256,12,True,2761.2318,0.18107860412153734,32,warm page cache; unprivileged container did not drop caches,direct,,,,,,,,
177,2026-09-27T06:12:59.106654+00:00,1073741824,16777216,sampled-32,sha256,12,True,2772.5013,0.18034256647598326,32,warm page cache; unprivileged container did not drop caches,direct,,,,,,,,
178,2026-09-27T06:13:01.879269+00:00,1073741824,16777216,sampled-32,sha256,12,True,2815.3826,0.1775957555466884,32,warm page cache; unprivileged container did not drop caches,direct,,,,,,,,
179,2026-09-27T06:13:04.694923+00:00,1073741824,16777216,sampled-32,sha256,12,True,2712.2775,0.18434691877951276,32,warm page cache; unprivileged container did not drop caches,direct,,,,,,,,
180,2026-09-27T06:13:07.407585+00:00,1073741824,16777216,sampled-32,sha256,12,True,2597.0513,0.19252603905051857,32,warm page cache; unprivileged container did not drop caches,direct,,,,,,,,
181,2026-09-27T06:13:10.004952+00:00,1073741824,16777216,sampled-128,sha256,12,True,5590.1946,0.17888464920344632,64,warm page cache; unprivileged container did not drop caches,direct,,,,,,,,
182,2026-09-27T06:13:15.595325+00:00,1073741824,16777216,sampled-128,sha256,12,True,6022.0206,0.16605722006331233,64,warm page cache; unprivileged container did not drop caches,direct,,,,,,,,
183,2026-09-27T06:13:21.617471+00:00,1073741824,16777216,sampled-128,sha256,12,True,6091.8813,0.16415290297924878,64,warm page cache; unprivileged container did not drop caches,direct,,,,,,,,
184,2026-09-27T06:13:27.709475+00:00,1073741824,16777216,sampled-128,sha256,12,True,5332.3273,0.18753537503221154,64,warm page cache; unprivileged container did not drop caches,direct,,,,,,,,
185,2026-09-27T06:13:33.041917+00:00,1073741824,16777216,sampled-128,sha256,12,True,5747.6566,0.17398395025896293,64,warm page cache; unprivileged container did not drop caches,direct,,,,,,,,
186,2026-09-27T06:13:38.789830+00:00,1073741824,16777216,cached,sha256,12,True,1.2586,,0,warm page cache; unprivileged container did not drop caches,direct,,,,,,,,
187,2026-09-27T06:13:38.791147+00:00,1073741824,16777216,cached,sha256,12,True,0.4998,,0,warm page cache; unprivileged container did not drop caches,direct,,,,,,,,
188,2026-09-27T06:13:38.791727+00:00,1073741824,16777216,cached,sha256,12,True,0.2791,,0,warm page cache; unprivileged container did not drop caches,direct,,,,,,,,
189,2026-09-27T06:13:38.792021+00:00,1073741824,16777216,cached,sha256,12,True,0.2199,,0,warm page cache; unprivileged container did not drop caches,direct,,,,,,,,
190,2026-09-27T06:13:38.792251+00:00,1073741824,16777216,cached,sha256,12,True,0.3685,,0,warm page cache; unprivileged container did not drop caches,direct,,,,,,,,
191,2026-09-27T06:13:38.792737+00:00,1073741824,16777216,incremental-1-chunk,sha256,12,True,76.2495,0.20491937652050177,1,warm page cache; unprivileged container did not drop caches,direct,,,,,,,,
192,2026-09-27T06:13:38.869076+00:00,1073741824,16777216,incremental-1-chunk,sha256,12,True,85.6508,0.18242678410476026,1,warm page cache; unprivileged container did not drop caches,direct,,,,,,,,
193,2026-09-27T06:13:38.954914+00:00,1073741824,16777216,incremental-1-chunk,sha256,12,True,103.7779,0.1505619211797502,1,warm page cache; unprivileged container did not drop caches,direct,,,,,,,,
194,2026-09-27T06:13:39.058798+00:00,1073741824,16777216,incremental-1-chunk,sha256,12,True,85.9591,0.18177249412802132,1,warm page cache; unprivileged container did not drop caches,direct,,,,,,,,
195,2026-09-27T06:13:39.144903+00:00,1073741824,16777216,incremental-1-chunk,sha256,12,True,80.417,0.19429971274730468,1,warm page cache; unprivileged container did not drop caches,direct,,,,,,,,
196,2026-09-27T06:13:44.573783+00:00,1073741824,4194304,full,sha256,12,True,6253.5682,0.15990870620072553,256,warm page cache; unprivileged container did not drop caches,direct,,,,,,,,
197,2026-09-27T06:13:50.827458+00:00,1073741824,4194304,full,sha256,12,True,6205.6962,0.16114227441556034,256,warm page cache; unprivileged container did not drop caches,direct,,,,,,,,
198,2026-09-27T06:13:57.033244+00:00,1073741824,4194304,full,sha256,12,True,6131.7519,0.163085528623557,256,warm page cache; unprivileged container did not drop caches,direct,,,,,,,,
199,2026-09-27T06:14:03.165133+00:00,1073741824,4194304,full,sha256,12,True,6135.2725,0.16299194534554087,256,warm page cache; unprivileged container did not drop caches,direct,,,,,,,,
200,2026-09-27T06:14:09.300492+00:00,1073741824,4194304,full,sha256,12,True,6269.3769,0.1595054845083568,256,warm page cache; unprivileged container did not drop caches,direct,,,,,,,,
201,2026-09-27T06:14:15.570129+00:00,1073741824,4194304,streaming,sha256,12,True,5684.6881,0.175911146294904,256,warm page cache; unprivileged container did not drop caches,direct,,,,,,,,
202,2026-09-27T06:14:21.254898+00:00,1073741824,4194304,streaming,sha256,12,True,5587.4227,0.178973393224751,256,warm page cache; unprivileged container did not drop caches,direct,,,,,,,,
203,2026-09-27T06:14:26.842949+00:00,1073741824,4194304,streaming,sha256,12,True,5169.1274,0.1934562495016083,256,warm page cache; unprivileged container did not drop caches,direct,,,,,,,,
204,2026-09-27T06:14:32.012168+00:00,1073741824,4194304,streaming,sha256,12,True,4837.393,0.20672291872915846,256,warm page cache; unprivileged container did not drop caches,direct,,,,,,,,
205,2026-09-27T06:14:36.849648+00:00,1073741824,4194304,streaming,sha256,12,True,5613.5489,0.17814042735069077,256,warm page cache; unprivileged container did not drop caches,direct,,,,,,,,
206,2026-09-27T06:14:42.463403+00:00,1073741824,4194304,sampled-8,sha256,12,True,153.4736,0.20361808154627242,8,warm page cache; unprivileged container did not drop caches,direct,,,,,,,,
207,2026-09-27T06:14:42.617065+00:00,1073741824,4194304,sampled-8,sha256,12,True,160.247,0.19501145107240697,8,warm page cache; unprivileged container did not drop caches,direct,,,,,,,,
208,2026-09-27T06:14:42.777420+00:00,1073741824,4194304,sampled-8,sha256,12,True,161.6428,0.19332750979319832,8,warm page cache; unprivileged container did not drop caches,direct,,,,,,,,
209,2026-09-27T06:14:42.939180+00:00,1073741824,4194304,sampled-8,sha256,12,True,156.0148,0.20030150985675718,8,warm page cache; unprivileged container did not drop caches,direct,,,,,,,,
210,2026-09-27T06:14:43.095305+00:00,1073741824,4194304,sampled-8,sha256,12,True,148.1857,0.21088404616639797,8,warm page cache; unprivileged container did not drop caches,direct,,,,,,,,
211,2026-09-27T06:14:43.243921+00:00,1073741824,4194304,sampled-32,sha256,12,True,643.9742,0.1941071552245416,32,warm page cache; unprivileged container did not drop caches,direct,,,,,,,,
212,2026-09-27T06:14:43.888003+00:00,1073741824,4194304,sampled-32,sha256,12,True,643.8326,0.19414984578289451,32,warm page cache; unprivileged container did not drop caches,direct,,,,,,,,
213,2026-09-27T06:14:44.531950+00:00,1073741824,4194304,sampled-32,sha256,12,True,619.6862,0.20171499704205129,32,warm page cache; unprivileged container did not drop caches,direct,,,,,,,,
214,2026-09-27T06:14:45.151898+00:00,1073741824,4194304,sampled-32,sha256,12,True,622.9984,0.20064256986855827,32,warm page cache; unprivileged container did not drop caches,direct,,,,,,,,
215,2026-09-27T06:14:45.775008+00:00,1073741824,4194304,sampled-32,sha256,12,True,661.0457,0.18909433946851179,32,warm page cache; unprivileged container did not drop caches,direct,,,,,,,,
216,2026-09-27T06:14:46.436668+00:00,1073741824,4194304,sampled-128,sha256,12,True,2709.1808,0.18455763454399204,128,warm page cache; unprivileged container did not drop caches,direct,,,,,,,,
217,2026-09-27T06:14:49.145987+00:00,1073741824,4194304,sampled-128,sha256,12,True,2804.0596,0.17831290033920819,128,warm page cache; unprivileged container did not drop caches,direct,,,,,,,,
218,2026-09-27T06:14:51.950161+00:00,1073741824,4194304,sampled-128,sha256,12,True,2640.4855,0.1893591159656056,128,warm page cache; unprivileged container did not drop caches,direct,,,,,,,,
219,2026-09-27T06:14:54.590820+00:00,1073741824,4194304,sampled-128,sha256,12,True,2567.9941,0.1947044971793354,128,warm page cache; unprivileged container did not drop caches,direct,,,,,,,,
220,2026-09-27T06:14:57.159314+00:00,1073741824,4194304,sampled-128,sha256,12,True,2949.1106,0.16954264109321637,128,warm page cache; unprivileged container did not drop caches,direct,,,,,,,,
221,2026-09-27T06:15:00.108852+00:00,1073741824,4194304,cached,sha256,12,True,4.1224,,0,warm page cache; unprivileged container did not drop caches,direct,,,,,,,,
222,2026-09-27T06:15:00.113108+00:00,1073741824,4194304,cached,sha256,12,True,0.8034,,0,warm page cache; unprivileged container did not drop caches,direct,,,,,,,,
223,2026-09-27T06:15:00.113986+00:00,1073741824,4194304,cached,sha256,12,True,0.6259,,0,warm page cache; unprivileged container did not drop caches,direct,,,,,,,,
224,2026-09-27T06:15:00.114638+00:00,1073741824,4194304,cached,sha256,12,True,0.3128,,0,warm page cache; unprivileged container did not drop caches,direct,,,,,,,,
225,2026-09-27T06:15:00.114975+00:00,1073741824,4194304,cached,sha256,12,True,0.2518,,0,warm page cache; unprivileged container did not drop caches,direct,,,,,,,,
226,2026-09-27T06:15:05.401084+00:00,1073741824,67108864,full,sha256,12,True,5235.9255,0.19098820256323354,16,warm page cache; unprivileged container did not drop caches,direct,,,,,,,,
227,2026-09-27T06:15:10.637085+00:00,1073741824,67108864,full,sha256,12,True,5335.3114,0.18743048437622595,16,warm page cache; unprivileged container did not drop caches,direct,,,,,,,,
228,2026-09-27T06:15:15.972474+00:00,1073741824,67108864,full,sha256,12,True,5430.4096,0.18414817180641402,16,warm page cache; unprivileged container did not drop caches,direct,,,,,,,,
229,2026-09-27T06:15:21.402992+00:00,1073741824,67108864,full,sha256,12,True,5108.5821,0.19574903181060752,16,warm page cache; unprivileged container did not drop caches,direct,,,,,,,,
230,2026-09-27T06:15:26.511646+00:00,1073741824,67108864,full,sha256,12,True,5320.6811,0.18794586279564848,16,warm page cache; unprivileged container did not drop caches,direct,,,,,,,,
231,2026-09-27T06:15:31.832868+00:00,1073741824,67108864,streaming,sha256,12,True,5419.5968,0.18451557134287186,16,warm page cache; unprivileged container did not drop caches,direct,,,,,,,,
232,2026-09-27T06:15:37.252826+00:00,1073741824,67108864,streaming,sha256,12,True,5418.0909,0.18456685545825743,16,warm page cache; unprivileged container did not drop caches,direct,,,,,,,,
233,2026-09-27T06:15:42.670999+00:00,1073741824,67108864,streaming,sha256,12,True,5331.4634,0.18756576290104515,16,warm page cache; unprivileged container did not drop caches,direct,,,,,,,,
234,2026-09-27T06:15:48.002567+00:00,1073741824,67108864,streaming,sha256,12,True,5453.4878,0.18336888917217348,16,warm page cache; unprivileged container did not drop caches,direct,,,,,,,,
235,2026-09-27T06:15:53.456165+00:00,1073741824,67108864,streaming,sha256,12,True,5246.2895,0.19061090700389297,16,warm page cache; unprivileged container did not drop caches,direct,,,,,,,,
236,2026-09-27T06:15:58.702959+00:00,1073741824,67108864,sampled-8,sha256,12,True,2996.4272,0.1668653922244465,8,warm page cache; unprivileged container did not drop caches,direct,,,,,,,,
237,2026-09-27T06:16:01.699491+00:00,1073741824,67108864,sampled-8,sha256,12,True,2686.8137,0.1860940339853113,8,warm page cache; unprivileged container did not drop caches,direct,,,,,,,,
238,2026-09-27T06:16:04.386514+00:00,1073741824,67108864,sampled-8,sha256,12,True,2800.9084,0.17851351368720234,8,warm page cache; unprivileged container did not drop caches,direct,,,,,,,,
239,2026-09-27T06:16:07.187657+00:00,1073741824,67108864,sampled-8,sha256,12,True,2802.9678,0.17838235601564886,8,warm page cache; unprivileged container did not drop caches,direct,,,,,,,,
240,2026-09-27T06:16:09.990736+00:00,1073741824,67108864,sampled-8,sha256,12,True,2619.4196,0.19088198011498425,8,warm page cache; unprivileged container did not drop caches,direct,,,,,,,,
241,2026-09-27T06:16:12.610445+00:00,1073741824,67108864,sampled-32,sha256,12,True,5682.7191,0.17597209758265195,16,warm page cache; unprivileged container did not drop caches,direct,,,,,,,,
242,2026-09-27T06:16:18.293308+00:00,1073741824,67108864,sampled-32,sha256,12,True,5416.7473,0.18461263644327658,16,warm page cache; unprivileged container did not drop caches,direct,,,,,,,,
243,2026-09-27T06:16:23.710190+00:00,1073741824,67108864,sampled-32,sha256,12,True,5582.2574,0.17913899849906598,16,warm page cache; unprivileged container did not drop caches,direct,,,,,,,,
244,2026-09-27T06:16:29.292596+00:00,1073741824,67108864,sampled-32,sha256,12,True,5886.4859,0.16988064135174435,16,warm page cache; unprivileged container did not drop caches,direct,,,,,,,,
245,2026-09-27T06:16:35.179207+00:00,1073741824,67108864,sampled-32,sha256,12,True,6369.0954,0.15700816791031266,16,warm page cache; unprivileged container did not drop caches,direct,,,,,,,,
246,2026-09-27T06:16:41.550507+00:00,1073741824,67108864,sampled-128,sha256,12,True,6261.1946,0.15971393062914863,16,warm page cache; unprivileged container did not drop caches,direct,,,,,,,,
247,2026-09-27T06:16:47.811836+00:00,1073741824,67108864,sampled-128,sha256,12,True,6395.1546,0.1563683855273804,16,warm page cache; unprivileged container did not drop caches,direct,,,,,,,,
248,2026-09-27T06:16:54.207085+00:00,1073741824,67108864,sampled-128,sha256,12,True,5614.5458,0.17810879733138876,16,warm page cache; unprivileged container did not drop caches,direct,,,,,,,,
249,2026-09-27T06:16:59.821737+00:00,1073741824,67108864,sampled-128,sha256,12,True,5837.01,0.17132059050781134,16,warm page cache; unprivileged container did not drop caches,direct,,,,,,,,
250,2026-09-27T06:17:05.658861+00:00,1073741824,67108864,sampled-128,sha256,12,True,5683.1381,0.17595912371019104,16,warm page cache; unprivileged container did not drop caches,direct,,,,,,,,
251,2026-09-27T06:17:11.342381+00:00,1073741824,67108864,cached,sha256,12,True,0.808,,0,warm page cache; unprivileged container did not drop caches,direct,,,,,,,,
252,2026-09-27T06:17:11.343262+00:00,1073741824,67108864,cached,sha256,12,True,0.6285,,0,warm page cache; unprivileged container did not drop caches,direct,,,,,,,,
253,2026-09-27T06:17:11.343918+00:00,1073741824,67108864,cached,sha256,12,True,0.2323,,0,warm page cache; unprivileged container did not drop caches,direct,,,,,,,,
254,2026-09-27T06:17:11.344201+00:00,1073741824,67108864,cached,sha256,12,True,0.3445,,0,warm page cache; unprivileged container did not drop caches,direct,,,,,,,,
255,2026-09-27T06:17:11.344569+00:00,1073741824,67108864,cached,sha256,12,True,0.5262,,0,warm page cache; unprivileged container did not drop caches,direct,,,,,,,,
256,2026-09-27T06:17:33.968813+00:00,4294967296,16777216,full,sha256,1,True,21872.9986,0.18287387445816414,256,warm page cache; unprivileged container did not drop caches,direct,,,,,,,,
257,2026-09-27T06:17:55.841965+00:00,4294967296,16777216,full,sha256,1,True,21829.8079,0.1832356939796983,256,warm page cache; unprivileged container did not drop caches,direct,,,,,,,,
258,2026-09-27T06:18:17.671962+00:00,4294967296,16777216,full,sha256,1,True,21044.2411,0.19007575426419154,256,warm page cache; unprivileged container did not drop caches,direct,,,,,,,,
259,2026-09-27T06:18:38.716437+00:00,4294967296,16777216,streaming,sha256,1,True,20194.152,0.19807714629463025,256,warm page cache; unprivileged container did not drop caches,direct,,,,,,,,
260,2026-09-27T06:18:58.910696+00:00,4294967296,16777216,streaming,sha256,1,True,20701.7209,0.193220651525642,256,warm page cache; unprivileged container did not drop caches,direct,,,,,,,,
261,2026-09-27T06:19:19.612619+00:00,4294967296,16777216,streaming,sha256,1,True,21702.7474,0.18430846225487563,256,warm page cache; unprivileged container did not drop caches,direct,,,,,,,,
262,2026-09-27T06:20:04.018799+00:00,4294967296,16777216,full,sha256,4,True,20762.2028,0.19265778484737658,256,warm page cache; unprivileged container did not drop caches,direct,,,,,,,,
263,2026-09-27T06:20:24.781244+00:00,4294967296,16777216,full,sha256,4,True,19805.9333,0.20195968245535798,256,warm page cache; unprivileged container did not drop caches,direct,,,,,,,,
264,2026-09-27T06:20:44.587390+00:00,4294967296,16777216,full,sha256,4,True,20199.9737,0.1980200597983947,256,warm page cache; unprivileged container did not drop caches,direct,,,,,,,,
265,2026-09-27T06:21:04.787883+00:00,4294967296,16777216,streaming,sha256,4,True,18454.4866,0.2167494597221686,256,warm page cache; unprivileged container did not drop caches,direct,,,,,,,,
266,2026-09-27T06:21:23.242466+00:00,4294967296,16777216,streaming,sha256,4,True,17375.2806,0.23021210949537127,256,warm page cache; unprivileged container did not drop caches,direct,,,,,,,,
267,2026-09-27T06:21:40.617841+00:00,4294967296,16777216,streaming,sha256,4,True,18143.8055,0.22046091708820403,256,warm page cache; unprivileged container did not drop caches,direct,,,,,,,,
268,2026-09-27T06:22:18.121947+00:00,4294967296,16777216,full,sha256,8,True,19430.5927,0.2058609359867854,256,warm page cache; unprivileged container did not drop caches,direct,,,,,,,,
269,2026-09-27T06:22:37.552756+00:00,4294967296,16777216,full,sha256,8,True,18528.5762,0.21588275088293077,256,warm page cache; unprivileged container did not drop caches,direct,,,,,,,,
270,2026-09-27T06:22:56.081527+00:00,4294967296,16777216,full,sha256,8,True,18759.0304,0.21323063690967736,256,warm page cache; unprivileged container did not drop caches,direct,,,,,,,,
271,2026-09-27T06:23:14.841027+00:00,4294967296,16777216,streaming,sha256,8,True,18052.034,0.22158167882910038,256,warm page cache; unprivileged container did not drop caches,direct,,,,,,,,
272,2026-09-27T06:23:32.893219+00:00,4294967296,16777216,streaming,sha256,8,True,18301.6976,0.21855896034474964,256,warm page cache; unprivileged container did not drop caches,direct,,,,,,,,
273,2026-09-27T06:23:51.195194+00:00,4294967296,16777216,streaming,sha256,8,True,17788.0934,0.22486951861856086,256,warm page cache; unprivileged container did not drop caches,direct,,,,,,,,
274,2026-09-27T06:24:28.490205+00:00,4294967296,16777216,full,sha256,12,True,19396.9412,0.20621808143646897,256,warm page cache; unprivileged container did not drop caches,direct,,,,,,,,
275,2026-09-27T06:24:47.887441+00:00,4294967296,16777216,full,sha256,12,True,18727.9742,0.21358423272496818,256,warm page cache; unprivileged container did not drop caches,direct,,,,,,,,
276,2026-09-27T06:25:06.615527+00:00,4294967296,16777216,full,sha256,12,True,19848.8661,0.20152284668795264,256,warm page cache; unprivileged container did not drop caches,direct,,,,,,,,
277,2026-09-27T06:25:26.464644+00:00,4294967296,16777216,streaming,sha256,12,True,17289.7833,0.23135049934373672,256,warm page cache; unprivileged container did not drop caches,direct,,,,,,,,
278,2026-09-27T06:25:43.754579+00:00,4294967296,16777216,streaming,sha256,12,True,17571.2863,0.2276441195998269,256,warm page cache; unprivileged container did not drop caches,direct,,,,,,,,
279,2026-09-27T06:26:01.326013+00:00,4294967296,16777216,streaming,sha256,12,True,17749.8107,0.22535451603435971,256,warm page cache; unprivileged container did not drop caches,direct,,,,,,,,
280,2026-09-27T06:26:19.076235+00:00,4294967296,16777216,sampled-8,sha256,12,True,580.7188,0.21525047923366697,8,warm page cache; unprivileged container did not drop caches,direct,,,,,,,,
281,2026-09-27T06:26:19.657141+00:00,4294967296,16777216,sampled-8,sha256,12,True,563.7494,0.22172972600946447,8,warm page cache; unprivileged container did not drop caches,direct,,,,,,,,
282,2026-09-27T06:26:20.221074+00:00,4294967296,16777216,sampled-8,sha256,12,True,579.3164,0.21577155419732635,8,warm page cache; unprivileged container did not drop caches,direct,,,,,,,,
283,2026-09-27T06:26:20.800759+00:00,4294967296,16777216,sampled-32,sha256,12,True,2335.2242,0.21411220387318697,32,warm page cache; unprivileged container did not drop caches,direct,,,,,,,,
284,2026-09-27T06:26:23.136239+00:00,4294967296,16777216,sampled-32,sha256,12,True,2375.5513,0.210477458432491,32,warm page cache; unprivileged container did not drop caches,direct,,,,,,,,
285,2026-09-27T06:26:25.511952+00:00,4294967296,16777216,sampled-32,sha256,12,True,2361.8061,0.21170239165696117,32,warm page cache; unprivileged container did not drop caches,direct,,,,,,,,
286,2026-09-27T06:26:27.874257+00:00,4294967296,16777216,sampled-128,sha256,12,True,9538.8824,0.2096681682541762,128,warm page cache; unprivileged container did not drop caches,direct,,,,,,,,
287,2026-09-27T06:26:37.413375+00:00,4294967296,16777216,sampled-128,sha256,12,True,9797.9167,0.20412502588432907,128,warm page cache; unprivileged container did not drop caches,direct,,,,,,,,
288,2026-09-27T06:26:47.211527+00:00,4294967296,16777216,sampled-128,sha256,12,True,9684.0384,0.20652540989511156,128,warm page cache; unprivileged container did not drop caches,direct,,,,,,,,
289,2026-09-27T06:26:56.896917+00:00,4294967296,16777216,cached,sha256,12,True,0.8997,,0,warm page cache; unprivileged container did not drop caches,direct,,,,,,,,
290,2026-09-27T06:26:56.897881+00:00,4294967296,16777216,cached,sha256,12,True,0.3835,,0,warm page cache; unprivileged container did not drop caches,direct,,,,,,,,
291,2026-09-27T06:26:56.898293+00:00,4294967296,16777216,cached,sha256,12,True,0.2295,,0,warm page cache; unprivileged container did not drop caches,direct,,,,,,,,
292,2026-09-27T06:26:56.898686+00:00,4294967296,16777216,incremental-1-chunk,sha256,12,True,70.9158,0.22033171733238574,1,warm page cache; unprivileged container did not drop caches,direct,,,,,,,,
293,2026-09-27T06:26:56.969729+00:00,4294967296,16777216,incremental-1-chunk,sha256,12,True,61.5415,0.25389371399787136,1,warm page cache; unprivileged container did not drop caches,direct,,,,,,,,
294,2026-09-27T06:26:57.031364+00:00,4294967296,16777216,incremental-1-chunk,sha256,12,True,64.0261,0.24404110198809548,1,warm page cache; unprivileged container did not drop caches,direct,,,,,,,,
295,2026-09-27T06:27:01.875481+00:00,1073741824,1048576,sampled-detection-8,sha256,12,False,77.21,,8,warm page cache; direct in-place chunk tamper and sampled verify,direct,0.001,0.0009765625,0.00797205593005601,,,,,
296,2026-09-27T06:27:01.970780+00:00,1073741824,1048576,sampled-detection-8,sha256,12,False,52.4408,,8,warm page cache; direct in-place chunk tamper and sampled verify,direct,0.001,0.0009765625,0.00797205593005601,,,,,
297,2026-09-27T06:27:02.036706+00:00,1073741824,1048576,sampled-detection-8,sha256,12,False,60.4135,,8,warm page cache; direct in-place chunk tamper and sampled verify,direct,0.001,0.0009765625,0.00797205593005601,,,,,
298,2026-09-27T06:27:02.111038+00:00,1073741824,1048576,sampled-detection-8,sha256,12,False,89.9857,,8,warm page cache; direct in-place chunk tamper and sampled verify,direct,0.001,0.0009765625,0.00797205593005601,,,,,
299,2026-09-27T06:27:02.219592+00:00,1073741824,1048576,sampled-detection-8,sha256,12,False,71.5811,,8,warm page cache; direct in-place chunk tamper and sampled verify,direct,0.001,0.0009765625,0.00797205593005601,,,,,
300,2026-09-27T06:27:02.308743+00:00,1073741824,1048576,sampled-detection-8,sha256,12,False,56.9602,,8,warm page cache; direct in-place chunk tamper and sampled verify,direct,0.001,0.0009765625,0.00797205593005601,,,,,
301,2026-09-27T06:27:02.382506+00:00,1073741824,1048576,sampled-detection-8,sha256,12,False,49.4697,,8,warm page cache; direct in-place chunk tamper and sampled verify,direct,0.001,0.0009765625,0.00797205593005601,,,,,
302,2026-09-27T06:27:02.450146+00:00,1073741824,1048576,sampled-detection-8,sha256,12,False,62.6446,,8,warm page cache; direct in-place chunk tamper and sampled verify,direct,0.001,0.0009765625,0.00797205593005601,,,,,
303,2026-09-27T06:27:02.533122+00:00,1073741824,1048576,sampled-detection-8,sha256,12,False,52.9804,,8,warm page cache; direct in-place chunk tamper and sampled verify,direct,0.001,0.0009765625,0.00797205593005601,,,,,
304,2026-09-27T06:27:02.605006+00:00,1073741824,1048576,sampled-detection-8,sha256,12,False,72.8347,,8,warm page cache; direct in-place chunk tamper and sampled verify,direct,0.001,0.0009765625,0.00797205593005601,,,,,
305,2026-09-27T06:27:02.694718+00:00,1073741824,1048576,sampled-detection-8,sha256,12,False,52.4283,,8,warm page cache; direct in-place chunk tamper and sampled verify,direct,0.001,0.0009765625,0.00797205593005601,,,,,
306,2026-09-27T06:27:02.760208+00:00,1073741824,1048576,sampled-detection-8,sha256,12,False,64.5392,,8,warm page cache; direct in-place chunk tamper and sampled verify,direct,0.001,0.0009765625,0.00797205593005601,,,,,
307,2026-09-27T06:27:02.840048+00:00,1073741824,1048576,sampled-detection-8,sha256,12,False,48.1168,,8,warm page cache; direct in-place chunk tamper and sampled verify,direct,0.001,0.0009765625,0.00797205593005601,,,,,
308,2026-09-27T06:27:02.905611+00:00,1073741824,1048576,sampled-detection-8,sha256,12,False,88.562,,8,warm page cache; direct in-place chunk tamper and sampled verify,direct,0.001,0.0009765625,0.00797205593005601,,,,,
309,2026-09-27T06:27:03.009173+00:00,1073741824,1048576,sampled-detection-8,sha256,12,False,49.4649,,8,warm page cache; direct in-place chunk tamper and sampled verify,direct,0.001,0.0009765625,0.00797205593005601,,,,,
310,2026-09-27T06:27:03.073781+00:00,1073741824,1048576,sampled-detection-8,sha256,12,False,85.7344,,8,warm page cache; direct in-place chunk tamper and sampled verify,direct,0.001,0.0009765625,0.00797205593005601,,,,,
311,2026-09-27T06:27:03.179567+00:00,1073741824,1048576,sampled-detection-8,sha256,12,False,71.1561,,8,warm page cache; direct in-place chunk tamper and sampled verify,direct,0.001,0.0009765625,0.00797205593005601,,,,,
312,2026-09-27T06:27:03.269338+00:00,1073741824,1048576,sampled-detection-8,sha256,12,False,59.9556,,8,warm page cache; direct in-place chunk tamper and sampled verify,direct,0.001,0.0009765625,0.00797205593005601,,,,,
313,2026-09-27T06:27:03.344622+00:00,1073741824,1048576,sampled-detection-8,sha256,12,False,50.9532,,8,warm page cache; direct in-place chunk tamper and sampled verify,direct,0.001,0.0009765625,0.00797205593005601,,,,,
314,2026-09-27T06:27:03.410181+00:00,1073741824,1048576,sampled-detection-8,sha256,12,False,46.6258,,8,warm page cache; direct in-place chunk tamper and sampled verify,direct,0.001,0.0009765625,0.00797205593005601,,,,,
315,2026-09-27T06:27:03.472236+00:00,1073741824,1048576,sampled-detection-8,sha256,12,False,68.9463,,8,warm page cache; direct in-place chunk tamper and sampled verify,direct,0.001,0.0009765625,0.00797205593005601,,,,,
316,2026-09-27T06:27:03.567453+00:00,1073741824,1048576,sampled-detection-8,sha256,12,False,84.1338,,8,warm page cache; direct in-place chunk tamper and sampled verify,direct,0.001,0.0009765625,0.00797205593005601,,,,,
317,2026-09-27T06:27:03.676381+00:00,1073741824,1048576,sampled-detection-8,sha256,12,False,48.9916,,8,warm page cache; direct in-place chunk tamper and sampled verify,direct,0.001,0.0009765625,0.00797205593005601,,,,,
318,2026-09-27T06:27:03.741743+00:00,1073741824,1048576,sampled-detection-8,sha256,12,False,48.9125,,8,warm page cache; direct in-place chunk tamper and sampled verify,direct,0.001,0.0009765625,0.00797205593005601,,,,,
319,2026-09-27T06:27:03.812296+00:00,1073741824,1048576,sampled-detection-8,sha256,12,False,58.3036,,8,warm page cache; direct in-place chunk tamper and sampled verify,direct,0.001,0.0009765625,0.00797205593005601,,,,,
320,2026-09-27T06:27:03.898599+00:00,1073741824,1048576,sampled-detection-8,sha256,12,False,59.2496,,8,warm page cache; direct in-place chunk tamper and sampled verify,direct,0.001,0.0009765625,0.00797205593005601,,,,,
321,2026-09-27T06:27:03.975074+00:00,1073741824,1048576,sampled-detection-8,sha256,12,False,51.2986,,8,warm page cache; direct in-place chunk tamper and sampled verify,direct,0.001,0.0009765625,0.00797205593005601,,,,,
322,2026-09-27T06:27:04.040229+00:00,1073741824,1048576,sampled-detection-8,sha256,12,False,50.0412,,8,warm page cache; direct in-place chunk tamper and sampled verify,direct,0.001,0.0009765625,0.00797205593005601,,,,,
323,2026-09-27T06:27:04.103963+00:00,1073741824,1048576,sampled-detection-8,sha256,12,False,49.7471,,8,warm page cache; direct in-place chunk tamper and sampled verify,direct,0.001,0.0009765625,0.00797205593005601,,,,,
324,2026-09-27T06:27:04.172289+00:00,1073741824,1048576,sampled-detection-8,sha256,12,False,48.0194,,8,warm page cache; direct in-place chunk tamper and sampled verify,direct,0.001,0.0009765625,0.00797205593005601,,,,,
325,2026-09-27T06:27:04.234105+00:00,1073741824,1048576,sampled-detection-8,sha256,12,False,58.8459,,8,warm page cache; direct in-place chunk tamper and sampled verify,direct,0.001,0.0009765625,0.00797205593005601,,,,,
326,2026-09-27T06:27:04.306659+00:00,1073741824,1048576,sampled-detection-8,sha256,12,False,56.4818,,8,warm page cache; direct in-place chunk tamper and sampled verify,direct,0.001,0.0009765625,0.00797205593005601,,,,,
327,2026-09-27T06:27:04.374744+00:00,1073741824,1048576,sampled-detection-8,sha256,12,False,46.8047,,8,warm page cache; direct in-place chunk tamper and sampled verify,direct,0.001,0.0009765625,0.00797205593005601,,,,,
328,2026-09-27T06:27:04.437821+00:00,1073741824,1048576,sampled-detection-8,sha256,12,False,47.0203,,8,warm page cache; direct in-place chunk tamper and sampled verify,direct,0.001,0.0009765625,0.00797205593005601,,,,,
329,2026-09-27T06:27:04.496145+00:00,1073741824,1048576,sampled-detection-8,sha256,12,False,51.7206,,8,warm page cache; direct in-place chunk tamper and sampled verify,direct,0.001,0.0009765625,0.00797205593005601,,,,,
330,2026-09-27T06:27:04.561356+00:00,1073741824,1048576,sampled-detection-8,sha256,12,False,49.2631,,8,warm page cache; direct in-place chunk tamper and sampled verify,direct,0.001,0.0009765625,0.00797205593005601,,,,,
331,2026-09-27T06:27:04.626635+00:00,1073741824,1048576,sampled-detection-8,sha256,12,False,50.695,,8,warm page cache; direct in-place chunk tamper and sampled verify,direct,0.001,0.0009765625,0.00797205593005601,,,,,
332,2026-09-27T06:27:04.689721+00:00,1073741824,1048576,sampled-detection-8,sha256,12,False,50.1726,,8,warm page cache; direct in-place chunk tamper and sampled verify,direct,0.001,0.0009765625,0.00797205593005601,,,,,
333,2026-09-27T06:27:04.753063+00:00,1073741824,1048576,sampled-detection-8,sha256,12,False,46.8962,,8,warm page cache; direct in-place chunk tamper and sampled verify,direct,0.001,0.0009765625,0.00797205593005601,,,,,
334,2026-09-27T06:27:04.815215+00:00,1073741824,1048576,sampled-detection-8,sha256,12,False,60.7768,,8,warm page cache; direct in-place chunk tamper and sampled verify,direct,0.001,0.0009765625,0.00797205593005601,,,,,
335,2026-09-27T06:27:04.889924+00:00,1073741824,1048576,sampled-detection-8,sha256,12,False,48.9027,,8,warm page cache; direct in-place chunk tamper and sampled verify,direct,0.001,0.0009765625,0.00797205593005601,,,,,
336,2026-09-27T06:27:04.954923+00:00,1073741824,1048576,sampled-detection-8,sha256,12,False,49.8009,,8,warm page cache; direct in-place chunk tamper and sampled verify,direct,0.001,0.0009765625,0.00797205593005601,,,,,
337,2026-09-27T06:27:05.018570+00:00,1073741824,1048576,sampled-detection-8,sha256,12,False,54.2829,,8,warm page cache; direct in-place chunk tamper and sampled verify,direct,0.001,0.0009765625,0.00797205593005601,,,,,
338,2026-09-27T06:27:05.085427+00:00,1073741824,1048576,sampled-detection-8,sha256,12,False,47.7932,,8,warm page cache; direct in-place chunk tamper and sampled verify,direct,0.001,0.0009765625,0.00797205593005601,,,,,
339,2026-09-27T06:27:05.148061+00:00,1073741824,1048576,sampled-detection-8,sha256,12,False,55.5931,,8,warm page cache; direct in-place chunk tamper and sampled verify,direct,0.001,0.0009765625,0.00797205593005601,,,,,
340,2026-09-27T06:27:05.219710+00:00,1073741824,1048576,sampled-detection-8,sha256,12,False,66.8753,,8,warm page cache; direct in-place chunk tamper and sampled verify,direct,0.001,0.0009765625,0.00797205593005601,,,,,
341,2026-09-27T06:27:05.300067+00:00,1073741824,1048576,sampled-detection-8,sha256,12,False,57.6749,,8,warm page cache; direct in-place chunk tamper and sampled verify,direct,0.001,0.0009765625,0.00797205593005601,,,,,
342,2026-09-27T06:27:05.370832+00:00,1073741824,1048576,sampled-detection-8,sha256,12,False,46.6384,,8,warm page cache; direct in-place chunk tamper and sampled verify,direct,0.001,0.0009765625,0.00797205593005601,,,,,
343,2026-09-27T06:27:05.433269+00:00,1073741824,1048576,sampled-detection-8,sha256,12,False,49.9587,,8,warm page cache; direct in-place chunk tamper and sampled verify,direct,0.001,0.0009765625,0.00797205593005601,,,,,
344,2026-09-27T06:27:05.494574+00:00,1073741824,1048576,sampled-detection-8,sha256,12,False,48.6267,,8,warm page cache; direct in-place chunk tamper and sampled verify,direct,0.001,0.0009765625,0.00797205593005601,,,,,
345,2026-09-27T06:27:05.559039+00:00,1073741824,1048576,sampled-detection-32,sha256,12,False,158.053,,32,warm page cache; direct in-place chunk tamper and sampled verify,direct,0.001,0.0009765625,0.031508924240473246,,,,,
346,2026-09-27T06:27:05.731700+00:00,1073741824,1048576,sampled-detection-32,sha256,12,False,161.6745,,32,warm page cache; direct in-place chunk tamper and sampled verify,direct,0.001,0.0009765625,0.031508924240473246,,,,,
347,2026-09-27T06:27:05.906375+00:00,1073741824,1048576,sampled-detection-32,sha256,12,False,164.9412,,32,warm page cache; direct in-place chunk tamper and sampled verify,direct,0.001,0.0009765625,0.031508924240473246,,,,,
348,2026-09-27T06:27:06.084195+00:00,1073741824,1048576,sampled-detection-32,sha256,12,False,158.8245,,32,warm page cache; direct in-place chunk tamper and sampled verify,direct,0.001,0.0009765625,0.031508924240473246,,,,,
349,2026-09-27T06:27:06.256158+00:00,1073741824,1048576,sampled-detection-32,sha256,12,False,169.772,,32,warm page cache; direct in-place chunk tamper and sampled verify,direct,0.001,0.0009765625,0.031508924240473246,,,,,
350,2026-09-27T06:27:06.440111+00:00,1073741824,1048576,sampled-detection-32,sha256,12,False,165.1519,,32,warm page cache; direct in-place chunk tamper and sampled verify,direct,0.001,0.0009765625,0.031508924240473246,,,,,
351,2026-09-27T06:27:06.666574+00:00,1073741824,1048576,sampled-detection-32,sha256,12,False,494.675,,32,warm page cache; direct in-place chunk tamper and sampled verify,direct,0.001,0.0009765625,0.031508924240473246,,,,,
352,2026-09-27T06:27:07.257034+00:00,1073741824,1048576,sampled-detection-32,sha256,12,False,254.605,,32,warm page cache; direct in-place chunk tamper and sampled verify,direct,0.001,0.0009765625,0.031508924240473246,,,,,
353,2026-09-27T06:27:07.534965+00:00,1073741824,1048576,sampled-detection-32,sha256,12,True,141.7131,,26,warm page cache; direct in-place chunk tamper and sampled verify,direct,0.001,0.0009765625,0.031508924240473246,,,,,
354,2026-09-27T06:27:07.691047+00:00,1073741824,1048576,sampled-detection-32,sha256,12,False,206.8131,,32,warm page cache; direct in-place chunk tamper and sampled verify,direct,0.001,0.0009765625,0.031508924240473246,,,,,
355,2026-09-27T06:27:07.915712+00:00,1073741824,1048576,sampled-detection-32,sha256,12,False,184.0625,,32,warm page cache; direct in-place chunk tamper and sampled verify,direct,0.001,0.0009765625,0.031508924240473246,,,,,
356,2026-09-27T06:27:08.113729+00:00,1073741824,1048576,sampled-detection-32,sha256,12,False,181.8786,,32,warm page cache; direct in-place chunk tamper and sampled verify,direct,0.001,0.0009765625,0.031508924240473246,,,,,
357,2026-09-27T06:27:08.316664+00:00,1073741824,1048576,sampled-detection-32,sha256,12,False,206.8868,,32,warm page cache; direct in-place chunk tamper and sampled verify,direct,0.001,0.0009765625,0.031508924240473246,,,,,
358,2026-09-27T06:27:08.541607+00:00,1073741824,1048576,sampled-detection-32,sha256,12,False,156.8642,,32,warm page cache; direct in-place chunk tamper and sampled verify,direct,0.001,0.0009765625,0.031508924240473246,,,,,
359,2026-09-27T06:27:08.718696+00:00,1073741824,1048576,sampled-detection-32,sha256,12,False,181.2005,,32,warm page cache; direct in-place chunk tamper and sampled verify,direct,0.001,0.0009765625,0.031508924240473246,,,,,
360,2026-09-27T06:27:08.917618+00:00,1073741824,1048576,sampled-detection-32,sha256,12,False,198.6019,,32,warm page cache; direct in-place chunk tamper and sampled verify,direct,0.001,0.0009765625,0.031508924240473246,,,,,
361,2026-09-27T06:27:09.130928+00:00,1073741824,1048576,sampled-detection-32,sha256,12,False,175.1221,,32,warm page cache; direct in-place chunk tamper and sampled verify,direct,0.001,0.0009765625,0.031508924240473246,,,,,
362,2026-09-27T06:27:09.325181+00:00,1073741824,1048576,sampled-detection-32,sha256,12,False,172.8824,,32,warm page cache; direct in-place chunk tamper and sampled verify,direct,0.001,0.0009765625,0.031508924240473246,,,,,
363,2026-09-27T06:27:09.511654+00:00,1073741824,1048576,sampled-detection-32,sha256,12,False,161.4278,,32,warm page cache; direct in-place chunk tamper and sampled verify,direct,0.001,0.0009765625,0.031508924240473246,,,,,
364,2026-09-27T06:27:09.691642+00:00,1073741824,1048576,sampled-detection-32,sha256,12,False,167.9133,,32,warm page cache; direct in-place chunk tamper and sampled verify,direct,0.001,0.0009765625,0.031508924240473246,,,,,
365,2026-09-27T06:27:09.873646+00:00,1073741824,1048576,sampled-detection-32,sha256,12,False,159.7478,,32,warm page cache; direct in-place chunk tamper and sampled verify,direct,0.001,0.0009765625,0.031508924240473246,,,,,
366,2026-09-27T06:27:10.050668+00:00,1073741824,1048576,sampled-detection-32,sha256,12,False,174.5579,,32,warm page cache; direct in-place chunk tamper and sampled verify,direct,0.001,0.0009765625,0.031508924240473246,,,,,
367,2026-09-27T06:27:10.244727+00:00,1073741824,1048576,sampled-detection-32,sha256,12,False,193.78,,32,warm page cache; direct in-place chunk tamper and sampled verify,direct,0.001,0.0009765625,0.031508924240473246,,,,,
368,2026-09-27T06:27:10.455364+00:00,1073741824,1048576,sampled-detection-32,sha256,12,False,175.2161,,32,warm page cache; direct in-place chunk tamper and sampled verify,direct,0.001,0.0009765625,0.031508924240473246,,,,,
369,2026-09-27T06:27:10.648988+00:00,1073741824,1048576,sampled-detection-32,sha256,12,False,190.1146,,32,warm page cache; direct in-place chunk tamper and sampled verify,direct,0.001,0.0009765625,0.031508924240473246,,,,,
370,2026-09-27T06:27:10.854841+00:00,1073741824,1048576,sampled-detection-32,sha256,12,False,153.202,,32,warm page cache; direct in-place chunk tamper and sampled verify,direct,0.001,0.0009765625,0.031508924240473246,,,,,
371,2026-09-27T06:27:11.025564+00:00,1073741824,1048576,sampled-detection-32,sha256,12,False,165.3591,,32,warm page cache; direct in-place chunk tamper and sampled verify,direct,0.001,0.0009765625,0.031508924240473246,,,,,
372,2026-09-27T06:27:11.205433+00:00,1073741824,1048576,sampled-detection-32,sha256,12,False,173.5774,,32,warm page cache; direct in-place chunk tamper and sampled verify,direct,0.001,0.0009765625,0.031508924240473246,,,,,
373,2026-09-27T06:27:11.397175+00:00,1073741824,1048576,sampled-detection-32,sha256,12,False,154.1832,,32,warm page cache; direct in-place chunk tamper and sampled verify,direct,0.001,0.0009765625,0.031508924240473246,,,,,
374,2026-09-27T06:27:11.575233+00:00,1073741824,1048576,sampled-detection-32,sha256,12,False,177.837,,32,warm page cache; direct in-place chunk tamper and sampled verify,direct,0.001,0.0009765625,0.031508924240473246,,,,,
375,2026-09-27T06:27:11.769882+00:00,1073741824,1048576,sampled-detection-32,sha256,12,False,180.1733,,32,warm page cache; direct in-place chunk tamper and sampled verify,direct,0.001,0.0009765625,0.031508924240473246,,,,,
376,2026-09-27T06:27:11.972038+00:00,1073741824,1048576,sampled-detection-32,sha256,12,False,171.4119,,32,warm page cache; direct in-place chunk tamper and sampled verify,direct,0.001,0.0009765625,0.031508924240473246,,,,,
377,2026-09-27T06:27:12.160116+00:00,1073741824,1048576,sampled-detection-32,sha256,12,False,220.0061,,32,warm page cache; direct in-place chunk tamper and sampled verify,direct,0.001,0.0009765625,0.031508924240473246,,,,,
378,2026-09-27T06:27:12.404065+00:00,1073741824,1048576,sampled-detection-32,sha256,12,False,190.5572,,32,warm page cache; direct in-place chunk tamper and sampled verify,direct,0.001,0.0009765625,0.031508924240473246,,,,,
379,2026-09-27T06:27:12.616072+00:00,1073741824,1048576,sampled-detection-32,sha256,12,False,182.6166,,32,warm page cache; direct in-place chunk tamper and sampled verify,direct,0.001,0.0009765625,0.031508924240473246,,,,,
380,2026-09-27T06:27:12.824392+00:00,1073741824,1048576,sampled-detection-32,sha256,12,False,174.1772,,32,warm page cache; direct in-place chunk tamper and sampled verify,direct,0.001,0.0009765625,0.031508924240473246,,,,,
381,2026-09-27T06:27:13.015744+00:00,1073741824,1048576,sampled-detection-32,sha256,12,False,179.6241,,32,warm page cache; direct in-place chunk tamper and sampled verify,direct,0.001,0.0009765625,0.031508924240473246,,,,,
382,2026-09-27T06:27:13.213222+00:00,1073741824,1048576,sampled-detection-32,sha256,12,False,247.6576,,32,warm page cache; direct in-place chunk tamper and sampled verify,direct,0.001,0.0009765625,0.031508924240473246,,,,,
383,2026-09-27T06:27:13.480265+00:00,1073741824,1048576,sampled-detection-32,sha256,12,False,226.7769,,32,warm page cache; direct in-place chunk tamper and sampled verify,direct,0.001,0.0009765625,0.031508924240473246,,,,,
384,2026-09-27T06:27:13.721666+00:00,1073741824,1048576,sampled-detection-32,sha256,12,False,154.8986,,32,warm page cache; direct in-place chunk tamper and sampled verify,direct,0.001,0.0009765625,0.031508924240473246,,,,,
385,2026-09-27T06:27:13.893199+00:00,1073741824,1048576,sampled-detection-32,sha256,12,False,162.4093,,32,warm page cache; direct in-place chunk tamper and sampled verify,direct,0.001,0.0009765625,0.031508924240473246,,,,,
386,2026-09-27T06:27:14.070893+00:00,1073741824,1048576,sampled-detection-32,sha256,12,False,187.6912,,32,warm page cache; direct in-place chunk tamper and sampled verify,direct,0.001,0.0009765625,0.031508924240473246,,,,,
387,2026-09-27T06:27:14.271968+00:00,1073741824,1048576,sampled-detection-32,sha256,12,False,232.0526,,32,warm page cache; direct in-place chunk tamper and sampled verify,direct,0.001,0.0009765625,0.031508924240473246,,,,,
388,2026-09-27T06:27:14.519374+00:00,1073741824,1048576,sampled-detection-32,sha256,12,True,59.5185,,8,warm page cache; direct in-place chunk tamper and sampled verify,direct,0.001,0.0009765625,0.031508924240473246,,,,,
389,2026-09-27T06:27:14.593986+00:00,1073741824,1048576,sampled-detection-32,sha256,12,False,194.1225,,32,warm page cache; direct in-place chunk tamper and sampled verify,direct,0.001,0.0009765625,0.031508924240473246,,,,,
390,2026-09-27T06:27:14.800337+00:00,1073741824,1048576,sampled-detection-32,sha256,12,False,222.8592,,32,warm page cache; direct in-place chunk tamper and sampled verify,direct,0.001,0.0009765625,0.031508924240473246,,,,,
391,2026-09-27T06:27:15.049302+00:00,1073741824,1048576,sampled-detection-32,sha256,12,False,212.3431,,32,warm page cache; direct in-place chunk tamper and sampled verify,direct,0.001,0.0009765625,0.031508924240473246,,,,,
392,2026-09-27T06:27:15.273972+00:00,1073741824,1048576,sampled-detection-32,sha256,12,False,209.061,,32,warm page cache; direct in-place chunk tamper and sampled verify,direct,0.001,0.0009765625,0.031508924240473246,,,,,
393,2026-09-27T06:27:15.497971+00:00,1073741824,1048576,sampled-detection-32,sha256,12,False,176.7127,,32,warm page cache; direct in-place chunk tamper and sampled verify,direct,0.001,0.0009765625,0.031508924240473246,,,,,
394,2026-09-27T06:27:15.692534+00:00,1073741824,1048576,sampled-detection-32,sha256,12,False,166.2778,,32,warm page cache; direct in-place chunk tamper and sampled verify,direct,0.001,0.0009765625,0.031508924240473246,,,,,
395,2026-09-27T06:27:15.873289+00:00,1073741824,1048576,sampled-detection-128,sha256,12,True,266.3272,,57,warm page cache; direct in-place chunk tamper and sampled verify,direct,0.001,0.0009765625,0.12020296723590385,,,,,
396,2026-09-27T06:27:16.157627+00:00,1073741824,1048576,sampled-detection-128,sha256,12,False,717.32,,128,warm page cache; direct in-place chunk tamper and sampled verify,direct,0.001,0.0009765625,0.12020296723590385,,,,,
397,2026-09-27T06:27:16.893768+00:00,1073741824,1048576,sampled-detection-128,sha256,12,False,747.3506,,128,warm page cache; direct in-place chunk tamper and sampled verify,direct,0.001,0.0009765625,0.12020296723590385,,,,,
398,2026-09-27T06:27:17.671856+00:00,1073741824,1048576,sampled-detection-128,sha256,12,False,650.0906,,128,warm page cache; direct in-place chunk tamper and sampled verify,direct,0.001,0.0009765625,0.12020296723590385,,,,,
399,2026-09-27T06:27:18.342117+00:00,1073741824,1048576,sampled-detection-128,sha256,12,False,641.3139,,128,warm page cache; direct in-place chunk tamper and sampled verify,direct,0.001,0.0009765625,0.12020296723590385,,,,,
400,2026-09-27T06:27:18.999155+00:00,1073741824,1048576,sampled-detection-128,sha256,12,False,638.2188,,128,warm page cache; direct in-place chunk tamper and sampled verify,direct,0.001,0.0009765625,0.12020296723590385,,,,,
401,2026-09-27T06:27:19.653552+00:00,1073741824,1048576,sampled-detection-128,sha256,12,False,657.7622,,128,warm page cache; direct in-place chunk tamper and sampled verify,direct,0.001,0.0009765625,0.12020296723590385,,,,,
402,2026-09-27T06:27:20.325017+00:00,1073741824,1048576,sampled-detection-128,sha256,12,False,605.9627,,128,warm page cache; direct in-place chunk tamper and sampled verify,direct,0.001,0.0009765625,0.12020296723590385,,,,,
403,2026-09-27T06:27:20.946952+00:00,1073741824,1048576,sampled-detection-128,sha256,12,False,584.9685,,128,warm page cache; direct in-place chunk tamper and sampled verify,direct,0.001,0.0009765625,0.12020296723590385,,,,,
404,2026-09-27T06:27:21.549495+00:00,1073741824,1048576,sampled-detection-128,sha256,12,False,590.1442,,128,warm page cache; direct in-place chunk tamper and sampled verify,direct,0.001,0.0009765625,0.12020296723590385,,,,,
405,2026-09-27T06:27:22.156407+00:00,1073741824,1048576,sampled-detection-128,sha256,12,True,522.005,,107,warm page cache; direct in-place chunk tamper and sampled verify,direct,0.001,0.0009765625,0.12020296723590385,,,,,
406,2026-09-27T06:27:22.693152+00:00,1073741824,1048576,sampled-detection-128,sha256,12,False,645.121,,128,warm page cache; direct in-place chunk tamper and sampled verify,direct,0.001,0.0009765625,0.12020296723590385,,,,,
407,2026-09-27T06:27:23.556738+00:00,1073741824,1048576,sampled-detection-128,sha256,12,False,607.2181,,128,warm page cache; direct in-place chunk tamper and sampled verify,direct,0.001,0.0009765625,0.12020296723590385,,,,,
408,2026-09-27T06:27:24.183794+00:00,1073741824,1048576,sampled-detection-128,sha256,12,False,606.5414,,128,warm page cache; direct in-place chunk tamper and sampled verify,direct,0.001,0.0009765625,0.12020296723590385,,,,,
409,2026-09-27T06:27:24.807277+00:00,1073741824,1048576,sampled-detection-128,sha256,12,False,718.9877,,128,warm page cache; direct in-place chunk tamper and sampled verify,direct,0.001,0.0009765625,0.12020296723590385,,,,,
410,2026-09-27T06:27:25.561253+00:00,1073741824,1048576,sampled-detection-128,sha256,12,False,649.1495,,128,warm page cache; direct in-place chunk tamper and sampled verify,direct,0.001,0.0009765625,0.12020296723590385,,,,,
411,2026-09-27T06:27:26.226995+00:00,1073741824,1048576,sampled-detection-128,sha256,12,False,631.116,,128,warm page cache; direct in-place chunk tamper and sampled verify,direct,0.001,0.0009765625,0.12020296723590385,,,,,
412,2026-09-27T06:27:26.875924+00:00,1073741824,1048576,sampled-detection-128,sha256,12,False,655.3324,,128,warm page cache; direct in-place chunk tamper and sampled verify,direct,0.001,0.0009765625,0.12020296723590385,,,,,
413,2026-09-27T06:27:27.547778+00:00,1073741824,1048576,sampled-detection-128,sha256,12,False,653.5176,,128,warm page cache; direct in-place chunk tamper and sampled verify,direct,0.001,0.0009765625,0.12020296723590385,,,,,
414,2026-09-27T06:27:28.217895+00:00,1073741824,1048576,sampled-detection-128,sha256,12,False,713.8031,,128,warm page cache; direct in-place chunk tamper and sampled verify,direct,0.001,0.0009765625,0.12020296723590385,,,,,
415,2026-09-27T06:27:28.948005+00:00,1073741824,1048576,sampled-detection-128,sha256,12,True,528.0587,,108,warm page cache; direct in-place chunk tamper and sampled verify,direct,0.001,0.0009765625,0.12020296723590385,,,,,
416,2026-09-27T06:27:29.493182+00:00,1073741824,1048576,sampled-detection-128,sha256,12,True,112.5679,,18,warm page cache; direct in-place chunk tamper and sampled verify,direct,0.001,0.0009765625,0.12020296723590385,,,,,
417,2026-09-27T06:27:29.620857+00:00,1073741824,1048576,sampled-detection-128,sha256,12,False,609.6019,,128,warm page cache; direct in-place chunk tamper and sampled verify,direct,0.001,0.0009765625,0.12020296723590385,,,,,
418,2026-09-27T06:27:30.260291+00:00,1073741824,1048576,sampled-detection-128,sha256,12,False,729.0061,,128,warm page cache; direct in-place chunk tamper and sampled verify,direct,0.001,0.0009765625,0.12020296723590385,,,,,
419,2026-09-27T06:27:31.010809+00:00,1073741824,1048576,sampled-detection-128,sha256,12,False,649.6688,,128,warm page cache; direct in-place chunk tamper and sampled verify,direct,0.001,0.0009765625,0.12020296723590385,,,,,
420,2026-09-27T06:27:31.678310+00:00,1073741824,1048576,sampled-detection-128,sha256,12,False,689.6327,,128,warm page cache; direct in-place chunk tamper and sampled verify,direct,0.001,0.0009765625,0.12020296723590385,,,,,
421,2026-09-27T06:27:32.381528+00:00,1073741824,1048576,sampled-detection-128,sha256,12,False,694.2439,,128,warm page cache; direct in-place chunk tamper and sampled verify,direct,0.001,0.0009765625,0.12020296723590385,,,,,
422,2026-09-27T06:27:33.091370+00:00,1073741824,1048576,sampled-detection-128,sha256,12,False,686.1186,,128,warm page cache; direct in-place chunk tamper and sampled verify,direct,0.001,0.0009765625,0.12020296723590385,,,,,
423,2026-09-27T06:27:33.791129+00:00,1073741824,1048576,sampled-detection-128,sha256,12,False,586.0107,,128,warm page cache; direct in-place chunk tamper and sampled verify,direct,0.001,0.0009765625,0.12020296723590385,,,,,
424,2026-09-27T06:27:34.394454+00:00,1073741824,1048576,sampled-detection-128,sha256,12,False,606.5991,,128,warm page cache; direct in-place chunk tamper and sampled verify,direct,0.001,0.0009765625,0.12020296723590385,,,,,
425,2026-09-27T06:27:35.014752+00:00,1073741824,1048576,sampled-detection-128,sha256,12,False,604.1157,,128,warm page cache; direct in-place chunk tamper and sampled verify,direct,0.001,0.0009765625,0.12020296723590385,,,,,
426,2026-09-27T06:27:35.633477+00:00,1073741824,1048576,sampled-detection-128,sha256,12,False,662.1568,,128,warm page cache; direct in-place chunk tamper and sampled verify,direct,0.001,0.0009765625,0.12020296723590385,,,,,
427,2026-09-27T06:27:36.313956+00:00,1073741824,1048576,sampled-detection-128,sha256,12,False,671.3221,,128,warm page cache; direct in-place chunk tamper and sampled verify,direct,0.001,0.0009765625,0.12020296723590385,,,,,
428,2026-09-27T06:27:37.008055+00:00,1073741824,1048576,sampled-detection-128,sha256,12,True,35.5147,,4,warm page cache; direct in-place chunk tamper and sampled verify,direct,0.001,0.0009765625,0.12020296723590385,,,,,
429,2026-09-27T06:27:37.058876+00:00,1073741824,1048576,sampled-detection-128,sha256,12,False,672.5719,,128,warm page cache; direct in-place chunk tamper and sampled verify,direct,0.001,0.0009765625,0.12020296723590385,,,,,
430,2026-09-27T06:27:37.754183+00:00,1073741824,1048576,sampled-detection-128,sha256,12,False,670.4411,,128,warm page cache; direct in-place chunk tamper and sampled verify,direct,0.001,0.0009765625,0.12020296723590385,,,,,
431,2026-09-27T06:27:38.443488+00:00,1073741824,1048576,sampled-detection-128,sha256,12,False,630.5996,,128,warm page cache; direct in-place chunk tamper and sampled verify,direct,0.001,0.0009765625,0.12020296723590385,,,,,
432,2026-09-27T06:27:39.093223+00:00,1073741824,1048576,sampled-detection-128,sha256,12,False,618.5622,,128,warm page cache; direct in-place chunk tamper and sampled verify,direct,0.001,0.0009765625,0.12020296723590385,,,,,
433,2026-09-27T06:27:39.738842+00:00,1073741824,1048576,sampled-detection-128,sha256,12,False,658.8045,,128,warm page cache; direct in-place chunk tamper and sampled verify,direct,0.001,0.0009765625,0.12020296723590385,,,,,
434,2026-09-27T06:27:40.413605+00:00,1073741824,1048576,sampled-detection-128,sha256,12,False,624.851,,128,warm page cache; direct in-place chunk tamper and sampled verify,direct,0.001,0.0009765625,0.12020296723590385,,,,,
435,2026-09-27T06:27:41.056577+00:00,1073741824,1048576,sampled-detection-128,sha256,12,False,623.2279,,128,warm page cache; direct in-place chunk tamper and sampled verify,direct,0.001,0.0009765625,0.12020296723590385,,,,,
436,2026-09-27T06:27:41.695163+00:00,1073741824,1048576,sampled-detection-128,sha256,12,True,593.2485,,124,warm page cache; direct in-place chunk tamper and sampled verify,direct,0.001,0.0009765625,0.12020296723590385,,,,,
437,2026-09-27T06:27:42.309843+00:00,1073741824,1048576,sampled-detection-128,sha256,12,False,599.0836,,128,warm page cache; direct in-place chunk tamper and sampled verify,direct,0.001,0.0009765625,0.12020296723590385,,,,,
438,2026-09-27T06:27:42.922222+00:00,1073741824,1048576,sampled-detection-128,sha256,12,False,672.1379,,128,warm page cache; direct in-place chunk tamper and sampled verify,direct,0.001,0.0009765625,0.12020296723590385,,,,,
439,2026-09-27T06:27:43.612146+00:00,1073741824,1048576,sampled-detection-128,sha256,12,False,648.0896,,128,warm page cache; direct in-place chunk tamper and sampled verify,direct,0.001,0.0009765625,0.12020296723590385,,,,,
440,2026-09-27T06:27:44.273497+00:00,1073741824,1048576,sampled-detection-128,sha256,12,False,631.8108,,128,warm page cache; direct in-place chunk tamper and sampled verify,direct,0.001,0.0009765625,0.12020296723590385,,,,,
441,2026-09-27T06:27:44.922379+00:00,1073741824,1048576,sampled-detection-128,sha256,12,False,666.7832,,128,warm page cache; direct in-place chunk tamper and sampled verify,direct,0.001,0.0009765625,0.12020296723590385,,,,,
442,2026-09-27T06:27:45.601830+00:00,1073741824,1048576,sampled-detection-128,sha256,12,False,617.169,,128,warm page cache; direct in-place chunk tamper and sampled verify,direct,0.001,0.0009765625,0.12020296723590385,,,,,
443,2026-09-27T06:27:46.242116+00:00,1073741824,1048576,sampled-detection-128,sha256,12,False,620.687,,128,warm page cache; direct in-place chunk tamper and sampled verify,direct,0.001,0.0009765625,0.12020296723590385,,,,,
444,2026-09-27T06:27:46.878449+00:00,1073741824,1048576,sampled-detection-128,sha256,12,False,671.6393,,128,warm page cache; direct in-place chunk tamper and sampled verify,direct,0.001,0.0009765625,0.12020296723590385,,,,,
445,2026-09-27T06:27:47.565115+00:00,1073741824,1048576,sampled-detection-8,sha256,12,False,48.4296,,8,warm page cache; direct in-place chunk tamper and sampled verify,direct,0.01,0.009765625,0.07725530557207994,,,,,
446,2026-09-27T06:27:47.628105+00:00,1073741824,1048576,sampled-detection-8,sha256,12,False,53.4565,,8,warm page cache; direct in-place chunk tamper and sampled verify,direct,0.01,0.009765625,0.07725530557207994,,,,,
447,2026-09-27T06:27:47.693916+00:00,1073741824,1048576,sampled-detection-8,sha256,12,False,55.7906,,8,warm page cache; direct in-place chunk tamper and sampled verify,direct,0.01,0.009765625,0.07725530557207994,,,,,
448,2026-09-27T06:27:47.764541+00:00,1073741824,1048576,sampled-detection-8,sha256,12,False,57.7563,,8,warm page cache; direct in-place chunk tamper and sampled verify,direct,0.01,0.009765625,0.07725530557207994,,,,,
449,2026-09-27T06:27:47.837785+00:00,1073741824,1048576,sampled-detection-8,sha256,12,False,51.1171,,8,warm page cache; direct in-place chunk tamper and sampled verify,direct,0.01,0.009765625,0.07725530557207994,,,,,
450,2026-09-27T06:27:47.903409+00:00,1073741824,1048576,sampled-detection-8,sha256,12,False,87.1535,,8,warm page cache; direct in-place chunk tamper and sampled verify,direct,0.01,0.009765625,0.07725530557207994,,,,,
451,2026-09-27T06:27:48.004896+00:00,1073741824,1048576,sampled-detection-8,sha256,12,False,53.6122,,8,warm page cache; direct in-place chunk tamper and sampled verify,direct,0.01,0.009765625,0.07725530557207994,,,,,
452,2026-09-27T06:27:48.090579+00:00,1073741824,1048576,sampled-detection-8,sha256,12,False,50.961,,8,warm page cache; direct in-place chunk tamper and sampled verify,direct,0.01,0.009765625,0.07725530557207994,,,,,
453,2026-09-27T06:27:48.268913+00:00,1073741824,1048576,sampled-detection-8,sha256,12,False,132.4774,,8,warm page cache; direct in-place chunk tamper and sampled verify,direct,0.01,0.009765625,0.07725530557207994,,,,,
454,2026-09-27T06:27:48.420555+00:00,1073741824,1048576,sampled-detection-8,sha256,12,True,25.2917,,3,warm page cache; direct in-place chunk tamper and sampled verify,direct,0.01,0.009765625,0.07725530557207994,,,,,
455,2026-09-27T06:27:48.460270+00:00,1073741824,1048576,sampled-detection-8,sha256,12,False,62.8989,,8,warm page cache; direct in-place chunk tamper and sampled verify,direct,0.01,0.009765625,0.07725530557207994,,,,,
456,2026-09-27T06:27:48.536591+00:00,1073741824,1048576,sampled-detection-8,sha256,12,False,50.3395,,8,warm page cache; direct in-place chunk tamper and sampled verify,direct,0.01,0.009765625,0.07725530557207994,,,,,
457,2026-09-27T06:27:48.601061+00:00,1073741824,1048576,sampled-detection-8,sha256,12,False,51.9172,,8,warm page cache; direct in-place chunk tamper and sampled verify,direct,0.01,0.009765625,0.07725530557207994,,,,,
458,2026-09-27T06:27:48.689251+00:00,1073741824,1048576,sampled-detection-8,sha256,12,False,66.4027,,8,warm page cache; direct in-place chunk tamper and sampled verify,direct,0.01,0.009765625,0.07725530557207994,,,,,
459,2026-09-27T06:27:48.774246+00:00,1073741824,1048576,sampled-detection-8,sha256,12,False,51.5855,,8,warm page cache; direct in-place chunk tamper and sampled verify,direct,0.01,0.009765625,0.07725530557207994,,,,,
460,2026-09-27T06:27:48.847780+00:00,1073741824,1048576,sampled-detection-8,sha256,12,False,79.6726,,8,warm page cache; direct in-place chunk tamper and sampled verify,direct,0.01,0.009765625,0.07725530557207994,,,,,
461,2026-09-27T06:27:48.956141+00:00,1073741824,1048576,sampled-detection-8,sha256,12,False,71.5858,,8,warm page cache; direct in-place chunk tamper and sampled verify,direct,0.01,0.009765625,0.07725530557207994,,,,,
462,2026-09-27T06:27:49.054612+00:00,1073741824,1048576,sampled-detection-8,sha256,12,False,53.4953,,8,warm page cache; direct in-place chunk tamper and sampled verify,direct,0.01,0.009765625,0.07725530557207994,,,,,
463,2026-09-27T06:27:49.126929+00:00,1073741824,1048576,sampled-detection-8,sha256,12,False,54.0548,,8,warm page cache; direct in-place chunk tamper and sampled verify,direct,0.01,0.009765625,0.07725530557207994,,,,,
464,2026-09-27T06:27:49.198702+00:00,1073741824,1048576,sampled-detection-8,sha256,12,False,58.1756,,8,warm page cache; direct in-place chunk tamper and sampled verify,direct,0.01,0.009765625,0.07725530557207994,,,,,
465,2026-09-27T06:27:49.272176+00:00,1073741824,1048576,sampled-detection-8,sha256,12,False,63.9688,,8,warm page cache; direct in-place chunk tamper and sampled verify,direct,0.01,0.009765625,0.07725530557207994,,,,,
466,2026-09-27T06:27:49.351778+00:00,1073741824,1048576,sampled-detection-8,sha256,12,False,48.9974,,8,warm page cache; direct in-place chunk tamper and sampled verify,direct,0.01,0.009765625,0.07725530557207994,,,,,
467,2026-09-27T06:27:49.415421+00:00,1073741824,1048576,sampled-detection-8,sha256,12,False,51.468,,8,warm page cache; direct in-place chunk tamper and sampled verify,direct,0.01,0.009765625,0.07725530557207994,,,,,
468,2026-09-27T06:27:49.481287+00:00,1073741824,1048576,sampled-detection-8,sha256,12,False,49.509,,8,warm page cache; direct in-place chunk tamper and sampled verify,direct,0.01,0.009765625,0.07725530557207994,,,,,
469,2026-09-27T06:27:49.544508+00:00,1073741824,1048576,sampled-detection-8,sha256,12,False,48.0171,,8,warm page cache; direct in-place chunk tamper and sampled verify,direct,0.01,0.009765625,0.07725530557207994,,,,,
470,2026-09-27T06:27:49.604615+00:00,1073741824,1048576,sampled-detection-8,sha256,12,True,26.7729,,3,warm page cache; direct in-place chunk tamper and sampled verify,direct,0.01,0.009765625,0.07725530557207994,,,,,
471,2026-09-27T06:27:49.648188+00:00,1073741824,1048576,sampled-detection-8,sha256,12,False,50.3199,,8,warm page cache; direct in-place chunk tamper and sampled verify,direct,0.01,0.009765625,0.07725530557207994,,,,,
472,2026-09-27T06:27:49.710194+00:00,1073741824,1048576,sampled-detection-8,sha256,12,False,50.5442,,8,warm page cache; direct in-place chunk tamper and sampled verify,direct,0.01,0.009765625,0.07725530557207994,,,,,
473,2026-09-27T06:27:49.775616+00:00,1073741824,1048576,sampled-detection-8,sha256,12,False,49.1326,,8,warm page cache; direct in-place chunk tamper and sampled verify,direct,0.01,0.009765625,0.07725530557207994,,,,,
474,2026-09-27T06:27:49.840637+00:00,1073741824,1048576,sampled-detection-8,sha256,12,False,53.9096,,8,warm page cache; direct in-place chunk tamper and sampled verify,direct,0.01,0.009765625,0.07725530557207994,,,,,
475,2026-09-27T06:27:49.907430+00:00,1073741824,1048576,sampled-detection-8,sha256,12,False,49.3293,,8,warm page cache; direct in-place chunk tamper and sampled verify,direct,0.01,0.009765625,0.07725530557207994,,,,,
476,2026-09-27T06:27:49.970160+00:00,1073741824,1048576,sampled-detection-8,sha256,12,False,48.0968,,8,warm page cache; direct in-place chunk tamper and sampled verify,direct,0.01,0.009765625,0.07725530557207994,,,,,
477,2026-09-27T06:27:50.030931+00:00,1073741824,1048576,sampled-detection-8,sha256,12,False,47.9623,,8,warm page cache; direct in-place chunk tamper and sampled verify,direct,0.01,0.009765625,0.07725530557207994,,,,,
478,2026-09-27T06:27:50.093294+00:00,1073741824,1048576,sampled-detection-8,sha256,12,False,55.0922,,8,warm page cache; direct in-place chunk tamper and sampled verify,direct,0.01,0.009765625,0.07725530557207994,,,,,
479,2026-09-27T06:27:50.163680+00:00,1073741824,1048576,sampled-detection-8,sha256,12,False,59.3422,,8,warm page cache; direct in-place chunk tamper and sampled verify,direct,0.01,0.009765625,0.07725530557207994,,,,,
480,2026-09-27T06:27:50.238207+00:00,1073741824,1048576,sampled-detection-8,sha256,12,False,54.0316,,8,warm page cache; direct in-place chunk tamper and sampled verify,direct,0.01,0.009765625,0.07725530557207994,,,,,
481,2026-09-27T06:27:50.312132+00:00,1073741824,1048576,sampled-detection-8,sha256,12,False,66.4745,,8,warm page cache; direct in-place chunk tamper and sampled verify,direct,0.01,0.009765625,0.07725530557207994,,,,,
482,2026-09-27T06:27:50.393040+00:00,1073741824,1048576,sampled-detection-8,sha256,12,True,46.5645,,7,warm page cache; direct in-place chunk tamper and sampled verify,direct,0.01,0.009765625,0.07725530557207994,,,,,
483,2026-09-27T06:27:50.453157+00:00,1073741824,1048576,sampled-detection-8,sha256,12,False,51.1039,,8,warm page cache; direct in-place chunk tamper and sampled verify,direct,0.01,0.009765625,0.07725530557207994,,,,,
484,2026-09-27T06:27:50.517451+00:00,1073741824,1048576,sampled-detection-8,sha256,12,False,48.7578,,8,warm page cache; direct in-place chunk tamper and sampled verify,direct,0.01,0.009765625,0.07725530557207994,,,,,
485,2026-09-27T06:27:50.582381+00:00,1073741824,1048576,sampled-detection-8,sha256,12,False,52.0153,,8,warm page cache; direct in-place chunk tamper and sampled verify,direct,0.01,0.009765625,0.07725530557207994,,,,,
486,2026-09-27T06:27:50.650006+00:00,1073741824,1048576,sampled-detection-8,sha256,12,False,49.4993,,8,warm page cache; direct in-place chunk tamper and sampled verify,direct,0.01,0.009765625,0.07725530557207994,,,,,
487,2026-09-27T06:27:50.712277+00:00,1073741824,1048576,sampled-detection-8,sha256,12,False,61.6514,,8,warm page cache; direct in-place chunk tamper and sampled verify,direct,0.01,0.009765625,0.07725530557207994,,,,,
488,2026-09-27T06:27:50.794357+00:00,1073741824,1048576,sampled-detection-8,sha256,12,False,74.7383,,8,warm page cache; direct in-place chunk tamper and sampled verify,direct,0.01,0.009765625,0.07725530557207994,,,,,
489,2026-09-27T06:27:50.886469+00:00,1073741824,1048576,sampled-detection-8,sha256,12,False,60.8141,,8,warm page cache; direct in-place chunk tamper and sampled verify,direct,0.01,0.009765625,0.07725530557207994,,,,,
490,2026-09-27T06:27:50.971651+00:00,1073741824,1048576,sampled-detection-8,sha256,12,False,69.4465,,8,warm page cache; direct in-place chunk tamper and sampled verify,direct,0.01,0.009765625,0.07725530557207994,,,,,
491,2026-09-27T06:27:51.061260+00:00,1073741824,1048576,sampled-detection-8,sha256,12,False,47.2681,,8,warm page cache; direct in-place chunk tamper and sampled verify,direct,0.01,0.009765625,0.07725530557207994,,,,,
492,2026-09-27T06:27:51.133336+00:00,1073741824,1048576,sampled-detection-8,sha256,12,False,71.0028,,8,warm page cache; direct in-place chunk tamper and sampled verify,direct,0.01,0.009765625,0.07725530557207994,,,,,
493,2026-09-27T06:27:51.233111+00:00,1073741824,1048576,sampled-detection-8,sha256,12,False,58.2906,,8,warm page cache; direct in-place chunk tamper and sampled verify,direct,0.01,0.009765625,0.07725530557207994,,,,,
494,2026-09-27T06:27:51.310126+00:00,1073741824,1048576,sampled-detection-8,sha256,12,False,65.7134,,8,warm page cache; direct in-place chunk tamper and sampled verify,direct,0.01,0.009765625,0.07725530557207994,,,,,
495,2026-09-27T06:27:51.393086+00:00,1073741824,1048576,sampled-detection-32,sha256,12,False,171.7735,,32,warm page cache; direct in-place chunk tamper and sampled verify,direct,0.01,0.009765625,0.2750196640421466,,,,,
496,2026-09-27T06:27:51.584458+00:00,1073741824,1048576,sampled-detection-32,sha256,12,False,160.8201,,32,warm page cache; direct in-place chunk tamper and sampled verify,direct,0.01,0.009765625,0.2750196640421466,,,,,
497,2026-09-27T06:27:51.760927+00:00,1073741824,1048576,sampled-detection-32,sha256,12,False,180.5241,,32,warm page cache; direct in-place chunk tamper and sampled verify,direct,0.01,0.009765625,0.2750196640421466,,,,,
498,2026-09-27T06:27:51.957710+00:00,1073741824,1048576,sampled-detection-32,sha256,12,False,209.0254,,32,warm page cache; direct in-place chunk tamper and sampled verify,direct,0.01,0.009765625,0.2750196640421466,,,,,
499,2026-09-27T06:27:52.184706+00:00,1073741824,1048576,sampled-detection-32,sha256,12,False,163.157,,32,warm page cache; direct in-place chunk tamper and sampled verify,direct,0.01,0.009765625,0.2750196640421466,,,,,
500,2026-09-27T06:27:52.364680+00:00,1073741824,1048576,sampled-detection-32,sha256,12,True,59.6049,,7,warm page cache; direct in-place chunk tamper and sampled verify,direct,0.01,0.009765625,0.2750196640421466,,,,,
501,2026-09-27T06:27:52.444561+00:00,1073741824,1048576,sampled-detection-32,sha256,12,True,60.7289,,7,warm page cache; direct in-place chunk tamper and sampled verify,direct,0.01,0.009765625,0.2750196640421466,,,,,
502,2026-09-27T06:27:52.523398+00:00,1073741824,1048576,sampled-detection-32,sha256,12,False,183.8499,,32,warm page cache; direct in-place chunk tamper and sampled verify,direct,0.01,0.009765625,0.2750196640421466,,,,,
503,2026-09-27T06:27:52.721001+00:00,1073741824,1048576,sampled-detection-32,sha256,12,True,162.4441,,32,warm page cache; direct in-place chunk tamper and sampled verify,direct,0.01,0.009765625,0.2750196640421466,,,,,
504,2026-09-27T06:27:52.913212+00:00,1073741824,1048576,sampled-detection-32,sha256,12,False,181.6399,,32,warm page cache; direct in-place chunk tamper and sampled verify,direct,0.01,0.009765625,0.2750196640421466,,,,,
505,2026-09-27T06:27:53.127329+00:00,1073741824,1048576,sampled-detection-32,sha256,12,True,84.4016,,11,warm page cache; direct in-place chunk tamper and sampled verify,direct,0.01,0.009765625,0.2750196640421466,,,,,
506,2026-09-27T06:27:53.250431+00:00,1073741824,1048576,sampled-detection-32,sha256,12,True,127.7856,,15,warm page cache; direct in-place chunk tamper and sampled verify,direct,0.01,0.009765625,0.2750196640421466,,,,,
507,2026-09-27T06:27:53.401138+00:00,1073741824,1048576,sampled-detection-32,sha256,12,False,187.3783,,32,warm page cache; direct in-place chunk tamper and sampled verify,direct,0.01,0.009765625,0.2750196640421466,,,,,
508,2026-09-27T06:27:53.605861+00:00,1073741824,1048576,sampled-detection-32,sha256,12,True,113.7678,,15,warm page cache; direct in-place chunk tamper and sampled verify,direct,0.01,0.009765625,0.2750196640421466,,,,,
509,2026-09-27T06:27:53.743731+00:00,1073741824,1048576,sampled-detection-32,sha256,12,True,143.3957,,29,warm page cache; direct in-place chunk tamper and sampled verify,direct,0.01,0.009765625,0.2750196640421466,,,,,
510,2026-09-27T06:27:53.906424+00:00,1073741824,1048576,sampled-detection-32,sha256,12,False,191.4719,,32,warm page cache; direct in-place chunk tamper and sampled verify,direct,0.01,0.009765625,0.2750196640421466,,,,,
511,2026-09-27T06:27:54.116785+00:00,1073741824,1048576,sampled-detection-32,sha256,12,True,50.3184,,5,warm page cache; direct in-place chunk tamper and sampled verify,direct,0.01,0.009765625,0.2750196640421466,,,,,
512,2026-09-27T06:27:54.184564+00:00,1073741824,1048576,sampled-detection-32,sha256,12,False,170.9062,,32,warm page cache; direct in-place chunk tamper and sampled verify,direct,0.01,0.009765625,0.2750196640421466,,,,,
513,2026-09-27T06:27:54.373722+00:00,1073741824,1048576,sampled-detection-32,sha256,12,False,156.2834,,32,warm page cache; direct in-place chunk tamper and sampled verify,direct,0.01,0.009765625,0.2750196640421466,,,,,
514,2026-09-27T06:27:54.549896+00:00,1073741824,1048576,sampled-detection-32,sha256,12,False,164.0828,,32,warm page cache; direct in-place chunk tamper and sampled verify,direct,0.01,0.009765625,0.2750196640421466,,,,,
515,2026-09-27T06:27:54.726415+00:00,1073741824,1048576,sampled-detection-32,sha256,12,True,152.4846,,28,warm page cache; direct in-place chunk tamper and sampled verify,direct,0.01,0.009765625,0.2750196640421466,,,,,
516,2026-09-27T06:27:54.897946+00:00,1073741824,1048576,sampled-detection-32,sha256,12,True,137.8854,,28,warm page cache; direct in-place chunk tamper and sampled verify,direct,0.01,0.009765625,0.2750196640421466,,,,,
517,2026-09-27T06:27:55.054438+00:00,1073741824,1048576,sampled-detection-32,sha256,12,False,166.5132,,32,warm page cache; direct in-place chunk tamper and sampled verify,direct,0.01,0.009765625,0.2750196640421466,,,,,
518,2026-09-27T06:27:55.241710+00:00,1073741824,1048576,sampled-detection-32,sha256,12,False,188.0182,,32,warm page cache; direct in-place chunk tamper and sampled verify,direct,0.01,0.009765625,0.2750196640421466,,,,,
519,2026-09-27T06:27:55.448909+00:00,1073741824,1048576,sampled-detection-32,sha256,12,False,189.192,,32,warm page cache; direct in-place chunk tamper and sampled verify,direct,0.01,0.009765625,0.2750196640421466,,,,,
520,2026-09-27T06:27:55.652726+00:00,1073741824,1048576,sampled-detection-32,sha256,12,False,159.8492,,32,warm page cache; direct in-place chunk tamper and sampled verify,direct,0.01,0.009765625,0.2750196640421466,,,,,
521,2026-09-27T06:27:55.834680+00:00,1073741824,1048576,sampled-detection-32,sha256,12,False,166.8356,,32,warm page cache; direct in-place chunk tamper and sampled verify,direct,0.01,0.009765625,0.2750196640421466,,,,,
522,2026-09-27T06:27:56.016955+00:00,1073741824,1048576,sampled-detection-32,sha256,12,False,158.5373,,32,warm page cache; direct in-place chunk tamper and sampled verify,direct,0.01,0.009765625,0.2750196640421466,,,,,
523,2026-09-27T06:27:56.190874+00:00,1073741824,1048576,sampled-detection-32,sha256,12,False,173.9601,,32,warm page cache; direct in-place chunk tamper and sampled verify,direct,0.01,0.009765625,0.2750196640421466,,,,,
524,2026-09-27T06:27:56.383376+00:00,1073741824,1048576,sampled-detection-32,sha256,12,False,186.1763,,32,warm page cache; direct in-place chunk tamper and sampled verify,direct,0.01,0.009765625,0.2750196640421466,,,,,
525,2026-09-27T06:27:56.584368+00:00,1073741824,1048576,sampled-detection-32,sha256,12,False,195.1567,,32,warm page cache; direct in-place chunk tamper and sampled verify,direct,0.01,0.009765625,0.2750196640421466,,,,,
526,2026-09-27T06:27:56.843896+00:00,1073741824,1048576,sampled-detection-32,sha256,12,False,187.8778,,32,warm page cache; direct in-place chunk tamper and sampled verify,direct,0.01,0.009765625,0.2750196640421466,,,,,
527,2026-09-27T06:27:57.054372+00:00,1073741824,1048576,sampled-detection-32,sha256,12,True,162.7539,,26,warm page cache; direct in-place chunk tamper and sampled verify,direct,0.01,0.009765625,0.2750196640421466,,,,,
528,2026-09-27T06:27:57.241137+00:00,1073741824,1048576,sampled-detection-32,sha256,12,True,144.606,,22,warm page cache; direct in-place chunk tamper and sampled verify,direct,0.01,0.009765625,0.2750196640421466,,,,,
529,2026-09-27T06:27:57.402060+00:00,1073741824,1048576,sampled-detection-32,sha256,12,False,150.5342,,32,warm page cache; direct in-place chunk tamper and sampled verify,direct,0.01,0.009765625,0.2750196640421466,,,,,
530,2026-09-27T06:27:57.569072+00:00,1073741824,1048576,sampled-detection-32,sha256,12,False,155.7791,,32,warm page cache; direct in-place chunk tamper and sampled verify,direct,0.01,0.009765625,0.2750196640421466,,,,,
531,2026-09-27T06:27:57.743281+00:00,1073741824,1048576,sampled-detection-32,sha256,12,False,159.4545,,32,warm page cache; direct in-place chunk tamper and sampled verify,direct,0.01,0.009765625,0.2750196640421466,,,,,
532,2026-09-27T06:27:57.932063+00:00,1073741824,1048576,sampled-detection-32,sha256,12,False,165.2194,,32,warm page cache; direct in-place chunk tamper and sampled verify,direct,0.01,0.009765625,0.2750196640421466,,,,,
533,2026-09-27T06:27:58.117190+00:00,1073741824,1048576,sampled-detection-32,sha256,12,True,15.4342,,1,warm page cache; direct in-place chunk tamper and sampled verify,direct,0.01,0.009765625,0.2750196640421466,,,,,
534,2026-09-27T06:27:58.148641+00:00,1073741824,1048576,sampled-detection-32,sha256,12,True,29.7509,,4,warm page cache; direct in-place chunk tamper and sampled verify,direct,0.01,0.009765625,0.2750196640421466,,,,,
535,2026-09-27T06:27:58.192683+00:00,1073741824,1048576,sampled-detection-32,sha256,12,False,155.8838,,32,warm page cache; direct in-place chunk tamper and sampled verify,direct,0.01,0.009765625,0.2750196640421466,,,,,
536,2026-09-27T06:27:58.365252+00:00,1073741824,1048576,sampled-detection-32,sha256,12,True,164.3374,,24,warm page cache; direct in-place chunk tamper and sampled verify,direct,0.01,0.009765625,0.2750196640421466,,,,,
537,2026-09-27T06:27:58.548469+00:00,1073741824,1048576,sampled-detection-32,sha256,12,False,184.83,,32,warm page cache; direct in-place chunk tamper and sampled verify,direct,0.01,0.009765625,0.2750196640421466,,,,,
538,2026-09-27T06:27:58.746131+00:00,1073741824,1048576,sampled-detection-32,sha256,12,False,186.278,,32,warm page cache; direct in-place chunk tamper and sampled verify,direct,0.01,0.009765625,0.2750196640421466,,,,,
539,2026-09-27T06:27:58.949228+00:00,1073741824,1048576,sampled-detection-32,sha256,12,True,21.9893,,1,warm page cache; direct in-place chunk tamper and sampled verify,direct,0.01,0.009765625,0.2750196640421466,,,,,
540,2026-09-27T06:27:58.984780+00:00,1073741824,1048576,sampled-detection-32,sha256,12,False,177.1696,,32,warm page cache; direct in-place chunk tamper and sampled verify,direct,0.01,0.009765625,0.2750196640421466,,,,,
541,2026-09-27T06:27:59.182407+00:00,1073741824,1048576,sampled-detection-32,sha256,12,False,184.0666,,32,warm page cache; direct in-place chunk tamper and sampled verify,direct,0.01,0.009765625,0.2750196640421466,,,,,
542,2026-09-27T06:27:59.386298+00:00,1073741824,1048576,sampled-detection-32,sha256,12,False,166.6973,,32,warm page cache; direct in-place chunk tamper and sampled verify,direct,0.01,0.009765625,0.2750196640421466,,,,,
543,2026-09-27T06:27:59.568653+00:00,1073741824,1048576,sampled-detection-32,sha256,12,False,168.4074,,32,warm page cache; direct in-place chunk tamper and sampled verify,direct,0.01,0.009765625,0.2750196640421466,,,,,
544,2026-09-27T06:27:59.756518+00:00,1073741824,1048576,sampled-detection-32,sha256,12,False,179.1814,,32,warm page cache; direct in-place chunk tamper and sampled verify,direct,0.01,0.009765625,0.2750196640421466,,,,,
545,2026-09-27T06:27:59.950797+00:00,1073741824,1048576,sampled-detection-128,sha256,12,False,654.8973,,128,warm page cache; direct in-place chunk tamper and sampled verify,direct,0.01,0.009765625,0.7237483323007917,,,,,
546,2026-09-27T06:28:00.621908+00:00,1073741824,1048576,sampled-detection-128,sha256,12,True,106.7275,,19,warm page cache; direct in-place chunk tamper and sampled verify,direct,0.01,0.009765625,0.7237483323007917,,,,,
547,2026-09-27T06:28:00.746733+00:00,1073741824,1048576,sampled-detection-128,sha256,12,True,299.6686,,60,warm page cache; direct in-place chunk tamper and sampled verify,direct,0.01,0.009765625,0.7237483323007917,,,,,
548,2026-09-27T06:28:01.067827+00:00,1073741824,1048576,sampled-detection-128,sha256,12,False,675.6014,,128,warm page cache; direct in-place chunk tamper and sampled verify,direct,0.01,0.009765625,0.7237483323007917,,,,,
549,2026-09-27T06:28:01.758679+00:00,1073741824,1048576,sampled-detection-128,sha256,12,True,434.766,,85,warm page cache; direct in-place chunk tamper and sampled verify,direct,0.01,0.009765625,0.7237483323007917,,,,,
550,2026-09-27T06:28:02.210985+00:00,1073741824,1048576,sampled-detection-128,sha256,12,True,525.252,,103,warm page cache; direct in-place chunk tamper and sampled verify,direct,0.01,0.009765625,0.7237483323007917,,,,,
551,2026-09-27T06:28:02.757537+00:00,1073741824,1048576,sampled-detection-128,sha256,12,True,69.5377,,12,warm page cache; direct in-place chunk tamper and sampled verify,direct,0.01,0.009765625,0.7237483323007917,,,,,
552,2026-09-27T06:28:02.840753+00:00,1073741824,1048576,sampled-detection-128,sha256,12,True,622.7193,,111,warm page cache; direct in-place chunk tamper and sampled verify,direct,0.01,0.009765625,0.7237483323007917,,,,,
553,2026-09-27T06:28:03.482369+00:00,1073741824,1048576,sampled-detection-128,sha256,12,True,496.1341,,108,warm page cache; direct in-place chunk tamper and sampled verify,direct,0.01,0.009765625,0.7237483323007917,,,,,
554,2026-09-27T06:28:03.993468+00:00,1073741824,1048576,sampled-detection-128,sha256,12,True,331.13,,59,warm page cache; direct in-place chunk tamper and sampled verify,direct,0.01,0.009765625,0.7237483323007917,,,,,
555,2026-09-27T06:28:04.343023+00:00,1073741824,1048576,sampled-detection-128,sha256,12,True,33.0349,,5,warm page cache; direct in-place chunk tamper and sampled verify,direct,0.01,0.009765625,0.7237483323007917,,,,,
556,2026-09-27T06:28:04.396505+00:00,1073741824,1048576,sampled-detection-128,sha256,12,True,222.3252,,39,warm page cache; direct in-place chunk tamper and sampled verify,direct,0.01,0.009765625,0.7237483323007917,,,,,
557,2026-09-27T06:28:04.638442+00:00,1073741824,1048576,sampled-detection-128,sha256,12,True,539.581,,104,warm page cache; direct in-place chunk tamper and sampled verify,direct,0.01,0.009765625,0.7237483323007917,,,,,
558,2026-09-27T06:28:05.193166+00:00,1073741824,1048576,sampled-detection-128,sha256,12,True,210.9596,,42,warm page cache; direct in-place chunk tamper and sampled verify,direct,0.01,0.009765625,0.7237483323007917,,,,,
559,2026-09-27T06:28:05.422224+00:00,1073741824,1048576,sampled-detection-128,sha256,12,True,298.5635,,57,warm page cache; direct in-place chunk tamper and sampled verify,direct,0.01,0.009765625,0.7237483323007917,,,,,
560,2026-09-27T06:28:05.739461+00:00,1073741824,1048576,sampled-detection-128,sha256,12,True,65.4928,,7,warm page cache; direct in-place chunk tamper and sampled verify,direct,0.01,0.009765625,0.7237483323007917,,,,,
561,2026-09-27T06:28:05.822119+00:00,1073741824,1048576,sampled-detection-128,sha256,12,True,586.4725,,118,warm page cache; direct in-place chunk tamper and sampled verify,direct,0.01,0.009765625,0.7237483323007917,,,,,
562,2026-09-27T06:28:06.432619+00:00,1073741824,1048576,sampled-detection-128,sha256,12,True,560.6405,,109,warm page cache; direct in-place chunk tamper and sampled verify,direct,0.01,0.009765625,0.7237483323007917,,,,,
563,2026-09-27T06:28:07.009323+00:00,1073741824,1048576,sampled-detection-128,sha256,12,True,289.8725,,57,warm page cache; direct in-place chunk tamper and sampled verify,direct,0.01,0.009765625,0.7237483323007917,,,,,
564,2026-09-27T06:28:07.315517+00:00,1073741824,1048576,sampled-detection-128,sha256,12,True,338.1964,,68,warm page cache; direct in-place chunk tamper and sampled verify,direct,0.01,0.009765625,0.7237483323007917,,,,,
565,2026-09-27T06:28:07.677868+00:00,1073741824,1048576,sampled-detection-128,sha256,12,False,601.9411,,128,warm page cache; direct in-place chunk tamper and sampled verify,direct,0.01,0.009765625,0.7237483323007917,,,,,
566,2026-09-27T06:28:08.298192+00:00,1073741824,1048576,sampled-detection-128,sha256,12,False,645.3973,,128,warm page cache; direct in-place chunk tamper and sampled verify,direct,0.01,0.009765625,0.7237483323007917,,,,,
567,2026-09-27T06:28:08.958305+00:00,1073741824,1048576,sampled-detection-128,sha256,12,True,283.9383,,55,warm page cache; direct in-place chunk tamper and sampled verify,direct,0.01,0.009765625,0.7237483323007917,,,,,
568,2026-09-27T06:28:09.258749+00:00,1073741824,1048576,sampled-detection-128,sha256,12,False,795.5993,,128,warm page cache; direct in-place chunk tamper and sampled verify,direct,0.01,0.009765625,0.7237483323007917,,,,,
569,2026-09-27T06:28:10.073951+00:00,1073741824,1048576,sampled-detection-128,sha256,12,True,210.2891,,40,warm page cache; direct in-place chunk tamper and sampled verify,direct,0.01,0.009765625,0.7237483323007917,,,,,
570,2026-09-27T06:28:10.304306+00:00,1073741824,1048576,sampled-detection-128,sha256,12,True,162.203,,27,warm page cache; direct in-place chunk tamper and sampled verify,direct,0.01,0.009765625,0.7237483323007917,,,,,
571,2026-09-27T06:28:10.486339+00:00,1073741824,1048576,sampled-detection-128,sha256,12,False,694.9689,,128,warm page cache; direct in-place chunk tamper and sampled verify,direct,0.01,0.009765625,0.7237483323007917,,,,,
572,2026-09-27T06:28:11.194698+00:00,1073741824,1048576,sampled-detection-128,sha256,12,True,702.0154,,120,warm page cache; direct in-place chunk tamper and sampled verify,direct,0.01,0.009765625,0.7237483323007917,,,,,
573,2026-09-27T06:28:11.911707+00:00,1073741824,1048576,sampled-detection-128,sha256,12,True,259.5694,,55,warm page cache; direct in-place chunk tamper and sampled verify,direct,0.01,0.009765625,0.7237483323007917,,,,,
574,2026-09-27T06:28:12.189776+00:00,1073741824,1048576,sampled-detection-128,sha256,12,True,496.218,,102,warm page cache; direct in-place chunk tamper and sampled verify,direct,0.01,0.009765625,0.7237483323007917,,,,,
575,2026-09-27T06:28:12.704180+00:00,1073741824,1048576,sampled-detection-128,sha256,12,False,623.3432,,128,warm page cache; direct in-place chunk tamper and sampled verify,direct,0.01,0.009765625,0.7237483323007917,,,,,
576,2026-09-27T06:28:13.346183+00:00,1073741824,1048576,sampled-detection-128,sha256,12,False,611.7899,,128,warm page cache; direct in-place chunk tamper and sampled verify,direct,0.01,0.009765625,0.7237483323007917,,,,,
577,2026-09-27T06:28:13.976516+00:00,1073741824,1048576,sampled-detection-128,sha256,12,True,177.4565,,38,warm page cache; direct in-place chunk tamper and sampled verify,direct,0.01,0.009765625,0.7237483323007917,,,,,
578,2026-09-27T06:28:14.172823+00:00,1073741824,1048576,sampled-detection-128,sha256,12,True,22.3882,,3,warm page cache; direct in-place chunk tamper and sampled verify,direct,0.01,0.009765625,0.7237483323007917,,,,,
579,2026-09-27T06:28:14.209308+00:00,1073741824,1048576,sampled-detection-128,sha256,12,True,29.0128,,4,warm page cache; direct in-place chunk tamper and sampled verify,direct,0.01,0.009765625,0.7237483323007917,,,,,
580,2026-09-27T06:28:14.255535+00:00,1073741824,1048576,sampled-detection-128,sha256,12,True,306.1675,,65,warm page cache; direct in-place chunk tamper and sampled verify,direct,0.01,0.009765625,0.7237483323007917,,,,,
581,2026-09-27T06:28:14.643404+00:00,1073741824,1048576,sampled-detection-128,sha256,12,True,90.6555,,11,warm page cache; direct in-place chunk tamper and sampled verify,direct,0.01,0.009765625,0.7237483323007917,,,,,
582,2026-09-27T06:28:14.753497+00:00,1073741824,1048576,sampled-detection-128,sha256,12,True,111.177,,18,warm page cache; direct in-place chunk tamper and sampled verify,direct,0.01,0.009765625,0.7237483323007917,,,,,
583,2026-09-27T06:28:14.881062+00:00,1073741824,1048576,sampled-detection-128,sha256,12,True,114.1605,,17,warm page cache; direct in-place chunk tamper and sampled verify,direct,0.01,0.009765625,0.7237483323007917,,,,,
584,2026-09-27T06:28:15.013410+00:00,1073741824,1048576,sampled-detection-128,sha256,12,False,642.8825,,128,warm page cache; direct in-place chunk tamper and sampled verify,direct,0.01,0.009765625,0.7237483323007917,,,,,
585,2026-09-27T06:28:15.680363+00:00,1073741824,1048576,sampled-detection-128,sha256,12,True,220.4313,,42,warm page cache; direct in-place chunk tamper and sampled verify,direct,0.01,0.009765625,0.7237483323007917,,,,,
586,2026-09-27T06:28:15.917573+00:00,1073741824,1048576,sampled-detection-128,sha256,12,False,722.2183,,128,warm page cache; direct in-place chunk tamper and sampled verify,direct,0.01,0.009765625,0.7237483323007917,,,,,
587,2026-09-27T06:28:16.659087+00:00,1073741824,1048576,sampled-detection-128,sha256,12,False,732.1594,,128,warm page cache; direct in-place chunk tamper and sampled verify,direct,0.01,0.009765625,0.7237483323007917,,,,,
588,2026-09-27T06:28:17.410885+00:00,1073741824,1048576,sampled-detection-128,sha256,12,True,492.9303,,98,warm page cache; direct in-place chunk tamper and sampled verify,direct,0.01,0.009765625,0.7237483323007917,,,,,
589,2026-09-27T06:28:17.927993+00:00,1073741824,1048576,sampled-detection-128,sha256,12,True,239.133,,41,warm page cache; direct in-place chunk tamper and sampled verify,direct,0.01,0.009765625,0.7237483323007917,,,,,
590,2026-09-27T06:28:18.189597+00:00,1073741824,1048576,sampled-detection-128,sha256,12,True,239.4627,,44,warm page cache; direct in-place chunk tamper and sampled verify,direct,0.01,0.009765625,0.7237483323007917,,,,,
591,2026-09-27T06:28:18.451056+00:00,1073741824,1048576,sampled-detection-128,sha256,12,True,67.6043,,9,warm page cache; direct in-place chunk tamper and sampled verify,direct,0.01,0.009765625,0.7237483323007917,,,,,
592,2026-09-27T06:28:18.535647+00:00,1073741824,1048576,sampled-detection-128,sha256,12,True,320.3997,,67,warm page cache; direct in-place chunk tamper and sampled verify,direct,0.01,0.009765625,0.7237483323007917,,,,,
593,2026-09-27T06:28:18.904848+00:00,1073741824,1048576,sampled-detection-128,sha256,12,True,515.7931,,89,warm page cache; direct in-place chunk tamper and sampled verify,direct,0.01,0.009765625,0.7237483323007917,,,,,
594,2026-09-27T06:28:19.438444+00:00,1073741824,1048576,sampled-detection-128,sha256,12,True,475.0126,,100,warm page cache; direct in-place chunk tamper and sampled verify,direct,0.01,0.009765625,0.7237483323007917,,,,,
595,2026-09-27T06:28:19.943269+00:00,1073741824,1048576,sampled-detection-8,sha256,12,False,62.7081,,8,warm page cache; direct in-place chunk tamper and sampled verify,direct,0.1,0.099609375,0.5695327899999999,,,,,
596,2026-09-27T06:28:20.030068+00:00,1073741824,1048576,sampled-detection-8,sha256,12,False,49.5786,,8,warm page cache; direct in-place chunk tamper and sampled verify,direct,0.1,0.099609375,0.5695327899999999,,,,,
597,2026-09-27T06:28:20.103632+00:00,1073741824,1048576,sampled-detection-8,sha256,12,True,62.4016,,5,warm page cache; direct in-place chunk tamper and sampled verify,direct,0.1,0.099609375,0.5695327899999999,,,,,
598,2026-09-27T06:28:20.199585+00:00,1073741824,1048576,sampled-detection-8,sha256,12,False,58.9435,,8,warm page cache; direct in-place chunk tamper and sampled verify,direct,0.1,0.099609375,0.5695327899999999,,,,,
599,2026-09-27T06:28:20.309510+00:00,1073741824,1048576,sampled-detection-8,sha256,12,False,49.9722,,8,warm page cache; direct in-place chunk tamper and sampled verify,direct,0.1,0.099609375,0.5695327899999999,,,,,
600,2026-09-27T06:28:20.384731+00:00,1073741824,1048576,sampled-detection-8,sha256,12,True,45.0792,,7,warm page cache; direct in-place chunk tamper and sampled verify,direct,0.1,0.099609375,0.5695327899999999,,,,,
601,2026-09-27T06:28:20.458963+00:00,1073741824,1048576,sampled-detection-8,sha256,12,False,54.3246,,8,warm page cache; direct in-place chunk tamper and sampled verify,direct,0.1,0.099609375,0.5695327899999999,,,,,
602,2026-09-27T06:28:20.536855+00:00,1073741824,1048576,sampled-detection-8,sha256,12,False,67.3189,,8,warm page cache; direct in-place chunk tamper and sampled verify,direct,0.1,0.099609375,0.5695327899999999,,,,,
603,2026-09-27T06:28:20.629077+00:00,1073741824,1048576,sampled-detection-8,sha256,12,False,59.8948,,8,warm page cache; direct in-place chunk tamper and sampled verify,direct,0.1,0.099609375,0.5695327899999999,,,,,
604,2026-09-27T06:28:20.711042+00:00,1073741824,1048576,sampled-detection-8,sha256,12,True,24.1698,,2,warm page cache; direct in-place chunk tamper and sampled verify,direct,0.1,0.099609375,0.5695327899999999,,,,,
605,2026-09-27T06:28:20.763403+00:00,1073741824,1048576,sampled-detection-8,sha256,12,True,18.1327,,1,warm page cache; direct in-place chunk tamper and sampled verify,direct,0.1,0.099609375,0.5695327899999999,,,,,
606,2026-09-27T06:28:20.803160+00:00,1073741824,1048576,sampled-detection-8,sha256,12,True,36.8747,,5,warm page cache; direct in-place chunk tamper and sampled verify,direct,0.1,0.099609375,0.5695327899999999,,,,,
607,2026-09-27T06:28:20.866558+00:00,1073741824,1048576,sampled-detection-8,sha256,12,False,46.1499,,8,warm page cache; direct in-place chunk tamper and sampled verify,direct,0.1,0.099609375,0.5695327899999999,,,,,
608,2026-09-27T06:28:20.940808+00:00,1073741824,1048576,sampled-detection-8,sha256,12,True,48.6838,,5,warm page cache; direct in-place chunk tamper and sampled verify,direct,0.1,0.099609375,0.5695327899999999,,,,,
609,2026-09-27T06:28:21.013575+00:00,1073741824,1048576,sampled-detection-8,sha256,12,True,49.8024,,8,warm page cache; direct in-place chunk tamper and sampled verify,direct,0.1,0.099609375,0.5695327899999999,,,,,
610,2026-09-27T06:28:21.088254+00:00,1073741824,1048576,sampled-detection-8,sha256,12,False,65.1184,,8,warm page cache; direct in-place chunk tamper and sampled verify,direct,0.1,0.099609375,0.5695327899999999,,,,,
611,2026-09-27T06:28:21.176867+00:00,1073741824,1048576,sampled-detection-8,sha256,12,False,54.1964,,8,warm page cache; direct in-place chunk tamper and sampled verify,direct,0.1,0.099609375,0.5695327899999999,,,,,
612,2026-09-27T06:28:21.255756+00:00,1073741824,1048576,sampled-detection-8,sha256,12,True,53.2177,,8,warm page cache; direct in-place chunk tamper and sampled verify,direct,0.1,0.099609375,0.5695327899999999,,,,,
613,2026-09-27T06:28:21.335369+00:00,1073741824,1048576,sampled-detection-8,sha256,12,True,35.2167,,5,warm page cache; direct in-place chunk tamper and sampled verify,direct,0.1,0.099609375,0.5695327899999999,,,,,
614,2026-09-27T06:28:21.393534+00:00,1073741824,1048576,sampled-detection-8,sha256,12,False,60.662,,8,warm page cache; direct in-place chunk tamper and sampled verify,direct,0.1,0.099609375,0.5695327899999999,,,,,
615,2026-09-27T06:28:21.481069+00:00,1073741824,1048576,sampled-detection-8,sha256,12,False,53.4645,,8,warm page cache; direct in-place chunk tamper and sampled verify,direct,0.1,0.099609375,0.5695327899999999,,,,,
616,2026-09-27T06:28:21.556188+00:00,1073741824,1048576,sampled-detection-8,sha256,12,False,50.2763,,8,warm page cache; direct in-place chunk tamper and sampled verify,direct,0.1,0.099609375,0.5695327899999999,,,,,
617,2026-09-27T06:28:21.637258+00:00,1073741824,1048576,sampled-detection-8,sha256,12,False,50.2194,,8,warm page cache; direct in-place chunk tamper and sampled verify,direct,0.1,0.099609375,0.5695327899999999,,,,,
618,2026-09-27T06:28:21.711453+00:00,1073741824,1048576,sampled-detection-8,sha256,12,True,21.2816,,1,warm page cache; direct in-place chunk tamper and sampled verify,direct,0.1,0.099609375,0.5695327899999999,,,,,
619,2026-09-27T06:28:21.755799+00:00,1073741824,1048576,sampled-detection-8,sha256,12,False,59.0096,,8,warm page cache; direct in-place chunk tamper and sampled verify,direct,0.1,0.099609375,0.5695327899999999,,,,,
620,2026-09-27T06:28:21.837831+00:00,1073741824,1048576,sampled-detection-8,sha256,12,False,56.264,,8,warm page cache; direct in-place chunk tamper and sampled verify,direct,0.1,0.099609375,0.5695327899999999,,,,,
621,2026-09-27T06:28:21.918433+00:00,1073741824,1048576,sampled-detection-8,sha256,12,False,46.7706,,8,warm page cache; direct in-place chunk tamper and sampled verify,direct,0.1,0.099609375,0.5695327899999999,,,,,
622,2026-09-27T06:28:21.989065+00:00,1073741824,1048576,sampled-detection-8,sha256,12,True,32.5148,,3,warm page cache; direct in-place chunk tamper and sampled verify,direct,0.1,0.099609375,0.5695327899999999,,,,,
623,2026-09-27T06:28:22.046743+00:00,1073741824,1048576,sampled-detection-8,sha256,12,False,48.7577,,8,warm page cache; direct in-place chunk tamper and sampled verify,direct,0.1,0.099609375,0.5695327899999999,,,,,
624,2026-09-27T06:28:22.117914+00:00,1073741824,1048576,sampled-detection-8,sha256,12,False,57.337,,8,warm page cache; direct in-place chunk tamper and sampled verify,direct,0.1,0.099609375,0.5695327899999999,,,,,
625,2026-09-27T06:28:22.204854+00:00,1073741824,1048576,sampled-detection-8,sha256,12,False,70.7672,,8,warm page cache; direct in-place chunk tamper and sampled verify,direct,0.1,0.099609375,0.5695327899999999,,,,,
626,2026-09-27T06:28:22.299249+00:00,1073741824,1048576,sampled-detection-8,sha256,12,True,40.9596,,6,warm page cache; direct in-place chunk tamper and sampled verify,direct,0.1,0.099609375,0.5695327899999999,,,,,
627,2026-09-27T06:28:22.364352+00:00,1073741824,1048576,sampled-detection-8,sha256,12,False,51.1409,,8,warm page cache; direct in-place chunk tamper and sampled verify,direct,0.1,0.099609375,0.5695327899999999,,,,,
628,2026-09-27T06:28:22.439871+00:00,1073741824,1048576,sampled-detection-8,sha256,12,False,67.6444,,8,warm page cache; direct in-place chunk tamper and sampled verify,direct,0.1,0.099609375,0.5695327899999999,,,,,
629,2026-09-27T06:28:22.530466+00:00,1073741824,1048576,sampled-detection-8,sha256,12,True,34.0392,,4,warm page cache; direct in-place chunk tamper and sampled verify,direct,0.1,0.099609375,0.5695327899999999,,,,,
630,2026-09-27T06:28:22.587530+00:00,1073741824,1048576,sampled-detection-8,sha256,12,False,62.5177,,8,warm page cache; direct in-place chunk tamper and sampled verify,direct,0.1,0.099609375,0.5695327899999999,,,,,
631,2026-09-27T06:28:22.677240+00:00,1073741824,1048576,sampled-detection-8,sha256,12,False,66.7831,,8,warm page cache; direct in-place chunk tamper and sampled verify,direct,0.1,0.099609375,0.5695327899999999,,,,,
632,2026-09-27T06:28:22.771603+00:00,1073741824,1048576,sampled-detection-8,sha256,12,True,31.0957,,3,warm page cache; direct in-place chunk tamper and sampled verify,direct,0.1,0.099609375,0.5695327899999999,,,,,
633,2026-09-27T06:28:22.830602+00:00,1073741824,1048576,sampled-detection-8,sha256,12,True,72.5143,,6,warm page cache; direct in-place chunk tamper and sampled verify,direct,0.1,0.099609375,0.5695327899999999,,,,,
634,2026-09-27T06:28:22.936765+00:00,1073741824,1048576,sampled-detection-8,sha256,12,True,20.3895,,1,warm page cache; direct in-place chunk tamper and sampled verify,direct,0.1,0.099609375,0.5695327899999999,,,,,
635,2026-09-27T06:28:22.989455+00:00,1073741824,1048576,sampled-detection-8,sha256,12,True,55.5473,,8,warm page cache; direct in-place chunk tamper and sampled verify,direct,0.1,0.099609375,0.5695327899999999,,,,,
636,2026-09-27T06:28:23.068964+00:00,1073741824,1048576,sampled-detection-8,sha256,12,False,47.9484,,8,warm page cache; direct in-place chunk tamper and sampled verify,direct,0.1,0.099609375,0.5695327899999999,,,,,
637,2026-09-27T06:28:23.140217+00:00,1073741824,1048576,sampled-detection-8,sha256,12,True,48.6276,,8,warm page cache; direct in-place chunk tamper and sampled verify,direct,0.1,0.099609375,0.5695327899999999,,,,,
638,2026-09-27T06:28:23.215176+00:00,1073741824,1048576,sampled-detection-8,sha256,12,False,47.0146,,8,warm page cache; direct in-place chunk tamper and sampled verify,direct,0.1,0.099609375,0.5695327899999999,,,,,
639,2026-09-27T06:28:23.284174+00:00,1073741824,1048576,sampled-detection-8,sha256,12,False,66.5165,,8,warm page cache; direct in-place chunk tamper and sampled verify,direct,0.1,0.099609375,0.5695327899999999,,,,,
640,2026-09-27T06:28:23.372990+00:00,1073741824,1048576,sampled-detection-8,sha256,12,False,47.0542,,8,warm page cache; direct in-place chunk tamper and sampled verify,direct,0.1,0.099609375,0.5695327899999999,,,,,
641,2026-09-27T06:28:23.443653+00:00,1073741824,1048576,sampled-detection-8,sha256,12,True,30.283,,4,warm page cache; direct in-place chunk tamper and sampled verify,direct,0.1,0.099609375,0.5695327899999999,,,,,
642,2026-09-27T06:28:23.496879+00:00,1073741824,1048576,sampled-detection-8,sha256,12,True,17.8882,,1,warm page cache; direct in-place chunk tamper and sampled verify,direct,0.1,0.099609375,0.5695327899999999,,,,,
643,2026-09-27T06:28:23.537005+00:00,1073741824,1048576,sampled-detection-8,sha256,12,True,39.1188,,6,warm page cache; direct in-place chunk tamper and sampled verify,direct,0.1,0.099609375,0.5695327899999999,,,,,
644,2026-09-27T06:28:23.603054+00:00,1073741824,1048576,sampled-detection-8,sha256,12,True,31.3357,,4,warm page cache; direct in-place chunk tamper and sampled verify,direct,0.1,0.099609375,0.5695327899999999,,,,,
645,2026-09-27T06:28:23.657307+00:00,1073741824,1048576,sampled-detection-32,sha256,12,True,127.2228,,16,warm page cache; direct in-place chunk tamper and sampled verify,direct,0.1,0.099609375,0.9656631617970749,,,,,
646,2026-09-27T06:28:23.846237+00:00,1073741824,1048576,sampled-detection-32,sha256,12,True,130.8068,,23,warm page cache; direct in-place chunk tamper and sampled verify,direct,0.1,0.099609375,0.9656631617970749,,,,,
647,2026-09-27T06:28:24.005030+00:00,1073741824,1048576,sampled-detection-32,sha256,12,True,46.548,,7,warm page cache; direct in-place chunk tamper and sampled verify,direct,0.1,0.099609375,0.9656631617970749,,,,,
648,2026-09-27T06:28:24.075963+00:00,1073741824,1048576,sampled-detection-32,sha256,12,True,186.7998,,32,warm page cache; direct in-place chunk tamper and sampled verify,direct,0.1,0.099609375,0.9656631617970749,,,,,
649,2026-09-27T06:28:24.289390+00:00,1073741824,1048576,sampled-detection-32,sha256,12,True,67.1983,,8,warm page cache; direct in-place chunk tamper and sampled verify,direct,0.1,0.099609375,0.9656631617970749,,,,,
650,2026-09-27T06:28:24.383210+00:00,1073741824,1048576,sampled-detection-32,sha256,12,True,174.2745,,26,warm page cache; direct in-place chunk tamper and sampled verify,direct,0.1,0.099609375,0.9656631617970749,,,,,
651,2026-09-27T06:28:24.591566+00:00,1073741824,1048576,sampled-detection-32,sha256,12,True,18.7539,,1,warm page cache; direct in-place chunk tamper and sampled verify,direct,0.1,0.099609375,0.9656631617970749,,,,,
652,2026-09-27T06:28:24.650158+00:00,1073741824,1048576,sampled-detection-32,sha256,12,True,174.826,,32,warm page cache; direct in-place chunk tamper and sampled verify,direct,0.1,0.099609375,0.9656631617970749,,,,,
653,2026-09-27T06:28:24.852957+00:00,1073741824,1048576,sampled-detection-32,sha256,12,True,128.9557,,26,warm page cache; direct in-place chunk tamper and sampled verify,direct,0.1,0.099609375,0.9656631617970749,,,,,
654,2026-09-27T06:28:25.006921+00:00,1073741824,1048576,sampled-detection-32,sha256,12,True,26.7034,,1,warm page cache; direct in-place chunk tamper and sampled verify,direct,0.1,0.099609375,0.9656631617970749,,,,,
655,2026-09-27T06:28:25.075124+00:00,1073741824,1048576,sampled-detection-32,sha256,12,True,99.5173,,12,warm page cache; direct in-place chunk tamper and sampled verify,direct,0.1,0.099609375,0.9656631617970749,,,,,
656,2026-09-27T06:28:25.218188+00:00,1073741824,1048576,sampled-detection-32,sha256,12,True,45.0967,,5,warm page cache; direct in-place chunk tamper and sampled verify,direct,0.1,0.099609375,0.9656631617970749,,,,,
657,2026-09-27T06:28:25.287772+00:00,1073741824,1048576,sampled-detection-32,sha256,12,True,79.7245,,6,warm page cache; direct in-place chunk tamper and sampled verify,direct,0.1,0.099609375,0.9656631617970749,,,,,
658,2026-09-27T06:28:25.401798+00:00,1073741824,1048576,sampled-detection-32,sha256,12,True,24.5631,,2,warm page cache; direct in-place chunk tamper and sampled verify,direct,0.1,0.099609375,0.9656631617970749,,,,,
659,2026-09-27T06:28:25.472476+00:00,1073741824,1048576,sampled-detection-32,sha256,12,False,207.7772,,32,warm page cache; direct in-place chunk tamper and sampled verify,direct,0.1,0.099609375,0.9656631617970749,,,,,
660,2026-09-27T06:28:25.705406+00:00,1073741824,1048576,sampled-detection-32,sha256,12,False,154.0533,,32,warm page cache; direct in-place chunk tamper and sampled verify,direct,0.1,0.099609375,0.9656631617970749,,,,,
661,2026-09-27T06:28:25.890460+00:00,1073741824,1048576,sampled-detection-32,sha256,12,True,70.2373,,11,warm page cache; direct in-place chunk tamper and sampled verify,direct,0.1,0.099609375,0.9656631617970749,,,,,
662,2026-09-27T06:28:25.987664+00:00,1073741824,1048576,sampled-detection-32,sha256,12,True,69.5603,,13,warm page cache; direct in-place chunk tamper and sampled verify,direct,0.1,0.099609375,0.9656631617970749,,,,,
663,2026-09-27T06:28:26.078677+00:00,1073741824,1048576,sampled-detection-32,sha256,12,True,44.8735,,5,warm page cache; direct in-place chunk tamper and sampled verify,direct,0.1,0.099609375,0.9656631617970749,,,,,
664,2026-09-27T06:28:26.151464+00:00,1073741824,1048576,sampled-detection-32,sha256,12,True,88.367,,13,warm page cache; direct in-place chunk tamper and sampled verify,direct,0.1,0.099609375,0.9656631617970749,,,,,
665,2026-09-27T06:28:26.266812+00:00,1073741824,1048576,sampled-detection-32,sha256,12,True,184.5572,,31,warm page cache; direct in-place chunk tamper and sampled verify,direct,0.1,0.099609375,0.9656631617970749,,,,,
666,2026-09-27T06:28:26.476716+00:00,1073741824,1048576,sampled-detection-32,sha256,12,True,105.232,,20,warm page cache; direct in-place chunk tamper and sampled verify,direct,0.1,0.099609375,0.9656631617970749,,,,,
667,2026-09-27T06:28:26.610597+00:00,1073741824,1048576,sampled-detection-32,sha256,12,True,19.962,,1,warm page cache; direct in-place chunk tamper and sampled verify,direct,0.1,0.099609375,0.9656631617970749,,,,,
668,2026-09-27T06:28:26.661835+00:00,1073741824,1048576,sampled-detection-32,sha256,12,True,69.2945,,6,warm page cache; direct in-place chunk tamper and sampled verify,direct,0.1,0.099609375,0.9656631617970749,,,,,
669,2026-09-27T06:28:26.755394+00:00,1073741824,1048576,sampled-detection-32,sha256,12,True,95.4904,,10,warm page cache; direct in-place chunk tamper and sampled verify,direct,0.1,0.099609375,0.9656631617970749,,,,,
670,2026-09-27T06:28:26.882654+00:00,1073741824,1048576,sampled-detection-32,sha256,12,True,174.928,,26,warm page cache; direct in-place chunk tamper and sampled verify,direct,0.1,0.099609375,0.9656631617970749,,,,,
671,2026-09-27T06:28:27.084396+00:00,1073741824,1048576,sampled-detection-32,sha256,12,True,16.6047,,1,warm page cache; direct in-place chunk tamper and sampled verify,direct,0.1,0.099609375,0.9656631617970749,,,,,
672,2026-09-27T06:28:27.128368+00:00,1073741824,1048576,sampled-detection-32,sha256,12,True,68.4993,,9,warm page cache; direct in-place chunk tamper and sampled verify,direct,0.1,0.099609375,0.9656631617970749,,,,,
673,2026-09-27T06:28:27.221919+00:00,1073741824,1048576,sampled-detection-32,sha256,12,True,48.544,,5,warm page cache; direct in-place chunk tamper and sampled verify,direct,0.1,0.099609375,0.9656631617970749,,,,,
674,2026-09-27T06:28:27.296190+00:00,1073741824,1048576,sampled-detection-32,sha256,12,True,24.2638,,1,warm page cache; direct in-place chunk tamper and sampled verify,direct,0.1,0.099609375,0.9656631617970749,,,,,
675,2026-09-27T06:28:27.348176+00:00,1073741824,1048576,sampled-detection-32,sha256,12,True,94.7208,,17,warm page cache; direct in-place chunk tamper and sampled verify,direct,0.1,0.099609375,0.9656631617970749,,,,,
676,2026-09-27T06:28:27.474038+00:00,1073741824,1048576,sampled-detection-32,sha256,12,True,49.8483,,7,warm page cache; direct in-place chunk tamper and sampled verify,direct,0.1,0.099609375,0.9656631617970749,,,,,
677,2026-09-27T06:28:27.564576+00:00,1073741824,1048576,sampled-detection-32,sha256,12,True,49.7795,,5,warm page cache; direct in-place chunk tamper and sampled verify,direct,0.1,0.099609375,0.9656631617970749,,,,,
678,2026-09-27T06:28:27.640146+00:00,1073741824,1048576,sampled-detection-32,sha256,12,True,29.4145,,3,warm page cache; direct in-place chunk tamper and sampled verify,direct,0.1,0.099609375,0.9656631617970749,,,,,
679,2026-09-27T06:28:27.698457+00:00,1073741824,1048576,sampled-detection-32,sha256,12,True,16.1846,,1,warm page cache; direct in-place chunk tamper and sampled verify,direct,0.1,0.099609375,0.9656631617970749,,,,,
680,2026-09-27T06:28:27.742287+00:00,1073741824,1048576,sampled-detection-32,sha256,12,True,142.1685,,30,warm page cache; direct in-place chunk tamper and sampled verify,direct,0.1,0.099609375,0.9656631617970749,,,,,
681,2026-09-27T06:28:27.911658+00:00,1073741824,1048576,sampled-detection-32,sha256,12,True,42.9167,,7,warm page cache; direct in-place chunk tamper and sampled verify,direct,0.1,0.099609375,0.9656631617970749,,,,,
682,2026-09-27T06:28:27.974978+00:00,1073741824,1048576,sampled-detection-32,sha256,12,True,51.414,,8,warm page cache; direct in-place chunk tamper and sampled verify,direct,0.1,0.099609375,0.9656631617970749,,,,,
683,2026-09-27T06:28:28.048373+00:00,1073741824,1048576,sampled-detection-32,sha256,12,True,164.2134,,31,warm page cache; direct in-place chunk tamper and sampled verify,direct,0.1,0.099609375,0.9656631617970749,,,,,
684,2026-09-27T06:28:28.241313+00:00,1073741824,1048576,sampled-detection-32,sha256,12,True,89.576,,12,warm page cache; direct in-place chunk tamper and sampled verify,direct,0.1,0.099609375,0.9656631617970749,,,,,
685,2026-09-27T06:28:28.356437+00:00,1073741824,1048576,sampled-detection-32,sha256,12,True,31.2895,,4,warm page cache; direct in-place chunk tamper and sampled verify,direct,0.1,0.099609375,0.9656631617970749,,,,,
686,2026-09-27T06:28:28.410117+00:00,1073741824,1048576,sampled-detection-32,sha256,12,True,57.1828,,7,warm page cache; direct in-place chunk tamper and sampled verify,direct,0.1,0.099609375,0.9656631617970749,,,,,
687,2026-09-27T06:28:28.492908+00:00,1073741824,1048576,sampled-detection-32,sha256,12,True,23.2626,,2,warm page cache; direct in-place chunk tamper and sampled verify,direct,0.1,0.099609375,0.9656631617970749,,,,,
688,2026-09-27T06:28:28.550966+00:00,1073741824,1048576,sampled-detection-32,sha256,12,True,99.9743,,19,warm page cache; direct in-place chunk tamper and sampled verify,direct,0.1,0.099609375,0.9656631617970749,,,,,
689,2026-09-27T06:28:28.678071+00:00,1073741824,1048576,sampled-detection-32,sha256,12,True,66.7313,,12,warm page cache; direct in-place chunk tamper and sampled verify,direct,0.1,0.099609375,0.9656631617970749,,,,,
690,2026-09-27T06:28:28.765064+00:00,1073741824,1048576,sampled-detection-32,sha256,12,True,35.631,,6,warm page cache; direct in-place chunk tamper and sampled verify,direct,0.1,0.099609375,0.9656631617970749,,,,,
691,2026-09-27T06:28:28.820931+00:00,1073741824,1048576,sampled-detection-32,sha256,12,True,25.953,,3,warm page cache; direct in-place chunk tamper and sampled verify,direct,0.1,0.099609375,0.9656631617970749,,,,,
692,2026-09-27T06:28:28.870341+00:00,1073741824,1048576,sampled-detection-32,sha256,12,True,18.3749,,1,warm page cache; direct in-place chunk tamper and sampled verify,direct,0.1,0.099609375,0.9656631617970749,,,,,
693,2026-09-27T06:28:28.913902+00:00,1073741824,1048576,sampled-detection-32,sha256,12,True,55.1097,,10,warm page cache; direct in-place chunk tamper and sampled verify,direct,0.1,0.099609375,0.9656631617970749,,,,,
694,2026-09-27T06:28:28.993097+00:00,1073741824,1048576,sampled-detection-32,sha256,12,True,29.6397,,3,warm page cache; direct in-place chunk tamper and sampled verify,direct,0.1,0.099609375,0.9656631617970749,,,,,
695,2026-09-27T06:28:29.051641+00:00,1073741824,1048576,sampled-detection-128,sha256,12,True,33.9761,,2,warm page cache; direct in-place chunk tamper and sampled verify,direct,0.1,0.099609375,0.9999986099154762,,,,,
696,2026-09-27T06:28:29.117643+00:00,1073741824,1048576,sampled-detection-128,sha256,12,True,133.3636,,22,warm page cache; direct in-place chunk tamper and sampled verify,direct,0.1,0.099609375,0.9999986099154762,,,,,
697,2026-09-27T06:28:29.277531+00:00,1073741824,1048576,sampled-detection-128,sha256,12,True,85.6893,,13,warm page cache; direct in-place chunk tamper and sampled verify,direct,0.1,0.099609375,0.9999986099154762,,,,,
698,2026-09-27T06:28:29.394011+00:00,1073741824,1048576,sampled-detection-128,sha256,12,True,19.9425,,1,warm page cache; direct in-place chunk tamper and sampled verify,direct,0.1,0.099609375,0.9999986099154762,,,,,
699,2026-09-27T06:28:29.437985+00:00,1073741824,1048576,sampled-detection-128,sha256,12,True,29.2181,,3,warm page cache; direct in-place chunk tamper and sampled verify,direct,0.1,0.099609375,0.9999986099154762,,,,,
700,2026-09-27T06:28:29.488959+00:00,1073741824,1048576,sampled-detection-128,sha256,12,True,67.3882,,12,warm page cache; direct in-place chunk tamper and sampled verify,direct,0.1,0.099609375,0.9999986099154762,,,,,
701,2026-09-27T06:28:29.587456+00:00,1073741824,1048576,sampled-detection-128,sha256,12,True,48.6661,,8,warm page cache; direct in-place chunk tamper and sampled verify,direct,0.1,0.099609375,0.9999986099154762,,,,,
702,2026-09-27T06:28:29.660739+00:00,1073741824,1048576,sampled-detection-128,sha256,12,True,77.4166,,11,warm page cache; direct in-place chunk tamper and sampled verify,direct,0.1,0.099609375,0.9999986099154762,,,,,
703,2026-09-27T06:28:29.763239+00:00,1073741824,1048576,sampled-detection-128,sha256,12,True,106.9288,,15,warm page cache; direct in-place chunk tamper and sampled verify,direct,0.1,0.099609375,0.9999986099154762,,,,,
704,2026-09-27T06:28:29.893815+00:00,1073741824,1048576,sampled-detection-128,sha256,12,True,129.7088,,26,warm page cache; direct in-place chunk tamper and sampled verify,direct,0.1,0.099609375,0.9999986099154762,,,,,
705,2026-09-27T06:28:30.050177+00:00,1073741824,1048576,sampled-detection-128,sha256,12,True,31.506,,3,warm page cache; direct in-place chunk tamper and sampled verify,direct,0.1,0.099609375,0.9999986099154762,,,,,
706,2026-09-27T06:28:30.107819+00:00,1073741824,1048576,sampled-detection-128,sha256,12,True,81.5364,,12,warm page cache; direct in-place chunk tamper and sampled verify,direct,0.1,0.099609375,0.9999986099154762,,,,,
707,2026-09-27T06:28:30.214213+00:00,1073741824,1048576,sampled-detection-128,sha256,12,True,41.9982,,4,warm page cache; direct in-place chunk tamper and sampled verify,direct,0.1,0.099609375,0.9999986099154762,,,,,
708,2026-09-27T06:28:30.283172+00:00,1073741824,1048576,sampled-detection-128,sha256,12,True,110.2664,,19,warm page cache; direct in-place chunk tamper and sampled verify,direct,0.1,0.099609375,0.9999986099154762,,,,,
709,2026-09-27T06:28:30.421661+00:00,1073741824,1048576,sampled-detection-128,sha256,12,True,78.8145,,9,warm page cache; direct in-place chunk tamper and sampled verify,direct,0.1,0.099609375,0.9999986099154762,,,,,
710,2026-09-27T06:28:30.527187+00:00,1073741824,1048576,sampled-detection-128,sha256,12,True,39.8332,,5,warm page cache; direct in-place chunk tamper and sampled verify,direct,0.1,0.099609375,0.9999986099154762,,,,,
711,2026-09-27T06:28:30.590910+00:00,1073741824,1048576,sampled-detection-128,sha256,12,True,147.7884,,27,warm page cache; direct in-place chunk tamper and sampled verify,direct,0.1,0.099609375,0.9999986099154762,,,,,
712,2026-09-27T06:28:30.770415+00:00,1073741824,1048576,sampled-detection-128,sha256,12,True,73.7281,,9,warm page cache; direct in-place chunk tamper and sampled verify,direct,0.1,0.099609375,0.9999986099154762,,,,,
713,2026-09-27T06:28:30.868754+00:00,1073741824,1048576,sampled-detection-128,sha256,12,True,36.8303,,5,warm page cache; direct in-place chunk tamper and sampled verify,direct,0.1,0.099609375,0.9999986099154762,,,,,
714,2026-09-27T06:28:30.930495+00:00,1073741824,1048576,sampled-detection-128,sha256,12,True,42.5679,,6,warm page cache; direct in-place chunk tamper and sampled verify,direct,0.1,0.099609375,0.9999986099154762,,,,,
715,2026-09-27T06:28:31.004265+00:00,1073741824,1048576,sampled-detection-128,sha256,12,True,74.8981,,9,warm page cache; direct in-place chunk tamper and sampled verify,direct,0.1,0.099609375,0.9999986099154762,,,,,
716,2026-09-27T06:28:31.103387+00:00,1073741824,1048576,sampled-detection-128,sha256,12,True,141.6292,,23,warm page cache; direct in-place chunk tamper and sampled verify,direct,0.1,0.099609375,0.9999986099154762,,,,,
717,2026-09-27T06:28:31.273343+00:00,1073741824,1048576,sampled-detection-128,sha256,12,True,84.9923,,12,warm page cache; direct in-place chunk tamper and sampled verify,direct,0.1,0.099609375,0.9999986099154762,,,,,
718,2026-09-27T06:28:31.386597+00:00,1073741824,1048576,sampled-detection-128,sha256,12,True,28.9064,,2,warm page cache; direct in-place chunk tamper and sampled verify,direct,0.1,0.099609375,0.9999986099154762,,,,,
719,2026-09-27T06:28:31.437020+00:00,1073741824,1048576,sampled-detection-128,sha256,12,True,38.8766,,6,warm page cache; direct in-place chunk tamper and sampled verify,direct,0.1,0.099609375,0.9999986099154762,,,,,
720,2026-09-27T06:28:31.502944+00:00,1073741824,1048576,sampled-detection-128,sha256,12,True,22.9204,,2,warm page cache; direct in-place chunk tamper and sampled verify,direct,0.1,0.099609375,0.9999986099154762,,,,,
721,2026-09-27T06:28:31.553078+00:00,1073741824,1048576,sampled-detection-128,sha256,12,True,81.5206,,11,warm page cache; direct in-place chunk tamper and sampled verify,direct,0.1,0.099609375,0.9999986099154762,,,,,
722,2026-09-27T06:28:31.666887+00:00,1073741824,1048576,sampled-detection-128,sha256,12,True,203.4702,,43,warm page cache; direct in-place chunk tamper and sampled verify,direct,0.1,0.099609375,0.9999986099154762,,,,,
723,2026-09-27T06:28:31.917141+00:00,1073741824,1048576,sampled-detection-128,sha256,12,True,97.7936,,14,warm page cache; direct in-place chunk tamper and sampled verify,direct,0.1,0.099609375,0.9999986099154762,,,,,
724,2026-09-27T06:28:32.051436+00:00,1073741824,1048576,sampled-detection-128,sha256,12,True,145.8404,,21,warm page cache; direct in-place chunk tamper and sampled verify,direct,0.1,0.099609375,0.9999986099154762,,,,,
725,2026-09-27T06:28:32.219638+00:00,1073741824,1048576,sampled-detection-128,sha256,12,True,166.913,,30,warm page cache; direct in-place chunk tamper and sampled verify,direct,0.1,0.099609375,0.9999986099154762,,,,,
726,2026-09-27T06:28:32.419228+00:00,1073741824,1048576,sampled-detection-128,sha256,12,True,53.0689,,9,warm page cache; direct in-place chunk tamper and sampled verify,direct,0.1,0.099609375,0.9999986099154762,,,,,
727,2026-09-27T06:28:32.505163+00:00,1073741824,1048576,sampled-detection-128,sha256,12,True,102.4895,,18,warm page cache; direct in-place chunk tamper and sampled verify,direct,0.1,0.099609375,0.9999986099154762,,,,,
728,2026-09-27T06:28:32.637912+00:00,1073741824,1048576,sampled-detection-128,sha256,12,True,98.6228,,13,warm page cache; direct in-place chunk tamper and sampled verify,direct,0.1,0.099609375,0.9999986099154762,,,,,
729,2026-09-27T06:28:32.763314+00:00,1073741824,1048576,sampled-detection-128,sha256,12,True,30.5324,,3,warm page cache; direct in-place chunk tamper and sampled verify,direct,0.1,0.099609375,0.9999986099154762,,,,,
730,2026-09-27T06:28:32.852518+00:00,1073741824,1048576,sampled-detection-128,sha256,12,True,107.8873,,14,warm page cache; direct in-place chunk tamper and sampled verify,direct,0.1,0.099609375,0.9999986099154762,,,,,
731,2026-09-27T06:28:32.999100+00:00,1073741824,1048576,sampled-detection-128,sha256,12,True,48.951,,1,warm page cache; direct in-place chunk tamper and sampled verify,direct,0.1,0.099609375,0.9999986099154762,,,,,
732,2026-09-27T06:28:33.116809+00:00,1073741824,1048576,sampled-detection-128,sha256,12,True,63.6449,,1,warm page cache; direct in-place chunk tamper and sampled verify,direct,0.1,0.099609375,0.9999986099154762,,,,,
733,2026-09-27T06:28:33.212387+00:00,1073741824,1048576,sampled-detection-128,sha256,12,True,41.3027,,5,warm page cache; direct in-place chunk tamper and sampled verify,direct,0.1,0.099609375,0.9999986099154762,,,,,
734,2026-09-27T06:28:33.277332+00:00,1073741824,1048576,sampled-detection-128,sha256,12,True,135.0316,,25,warm page cache; direct in-place chunk tamper and sampled verify,direct,0.1,0.099609375,0.9999986099154762,,,,,
735,2026-09-27T06:28:33.437254+00:00,1073741824,1048576,sampled-detection-128,sha256,12,True,208.0846,,45,warm page cache; direct in-place chunk tamper and sampled verify,direct,0.1,0.099609375,0.9999986099154762,,,,,
736,2026-09-27T06:28:33.686282+00:00,1073741824,1048576,sampled-detection-128,sha256,12,True,62.456,,10,warm page cache; direct in-place chunk tamper and sampled verify,direct,0.1,0.099609375,0.9999986099154762,,,,,
737,2026-09-27T06:28:33.776320+00:00,1073741824,1048576,sampled-detection-128,sha256,12,True,79.5742,,14,warm page cache; direct in-place chunk tamper and sampled verify,direct,0.1,0.099609375,0.9999986099154762,,,,,
738,2026-09-27T06:28:33.883073+00:00,1073741824,1048576,sampled-detection-128,sha256,12,True,89.9992,,13,warm page cache; direct in-place chunk tamper and sampled verify,direct,0.1,0.099609375,0.9999986099154762,,,,,
739,2026-09-27T06:28:34.002529+00:00,1073741824,1048576,sampled-detection-128,sha256,12,True,70.6514,,9,warm page cache; direct in-place chunk tamper and sampled verify,direct,0.1,0.099609375,0.9999986099154762,,,,,
740,2026-09-27T06:28:34.102178+00:00,1073741824,1048576,sampled-detection-128,sha256,12,True,30.6858,,2,warm page cache; direct in-place chunk tamper and sampled verify,direct,0.1,0.099609375,0.9999986099154762,,,,,
741,2026-09-27T06:28:34.165898+00:00,1073741824,1048576,sampled-detection-128,sha256,12,True,49.3014,,4,warm page cache; direct in-place chunk tamper and sampled verify,direct,0.1,0.099609375,0.9999986099154762,,,,,
742,2026-09-27T06:28:34.252088+00:00,1073741824,1048576,sampled-detection-128,sha256,12,True,23.8792,,1,warm page cache; direct in-place chunk tamper and sampled verify,direct,0.1,0.099609375,0.9999986099154762,,,,,
743,2026-09-27T06:28:34.309723+00:00,1073741824,1048576,sampled-detection-128,sha256,12,True,68.7394,,8,warm page cache; direct in-place chunk tamper and sampled verify,direct,0.1,0.099609375,0.9999986099154762,,,,,
744,2026-09-27T06:28:34.402037+00:00,1073741824,1048576,sampled-detection-128,sha256,12,True,17.2236,,1,warm page cache; direct in-place chunk tamper and sampled verify,direct,0.1,0.099609375,0.9999986099154762,,,,,
745,2026-09-27T06:28:39.276219+00:00,1073741824,16777216,full-tamper-detection,sha256,12,True,4626.2007,,64,warm page cache; direct in-place chunk tamper and FULL verify,direct,0.015625,,,,,,,
746,2026-09-27T06:28:43.948425+00:00,1073741824,16777216,full-tamper-detection,sha256,12,True,4840.6652,,64,warm page cache; direct in-place chunk tamper and FULL verify,direct,0.015625,,,,,,,
747,2026-09-27T06:28:48.804966+00:00,1073741824,16777216,full-tamper-detection,sha256,12,True,4794.8141,,64,warm page cache; direct in-place chunk tamper and FULL verify,direct,0.015625,,,,,,,
748,2026-09-27T06:28:53.615696+00:00,1073741824,16777216,full-tamper-detection,sha256,12,True,4814.4787,,64,warm page cache; direct in-place chunk tamper and FULL verify,direct,0.015625,,,,,,,
749,2026-09-27T06:28:58.447944+00:00,1073741824,16777216,full-tamper-detection,sha256,12,True,4729.9978,,64,warm page cache; direct in-place chunk tamper and FULL verify,direct,0.015625,,,,,,,
750,2026-09-27T06:29:03.194483+00:00,1073741824,16777216,full-tamper-detection,sha256,12,True,4748.9819,,64,warm page cache; direct in-place chunk tamper and FULL verify,direct,0.015625,,,,,,,
751,2026-09-27T06:29:07.959658+00:00,1073741824,16777216,full-tamper-detection,sha256,12,True,4794.7742,,64,warm page cache; direct in-place chunk tamper and FULL verify,direct,0.015625,,,,,,,
752,2026-09-27T06:29:12.768084+00:00,1073741824,16777216,full-tamper-detection,sha256,12,True,4743.7006,,64,warm page cache; direct in-place chunk tamper and FULL verify,direct,0.015625,,,,,,,
753,2026-09-27T06:29:17.525366+00:00,1073741824,16777216,full-tamper-detection,sha256,12,True,4813.3697,,64,warm page cache; direct in-place chunk tamper and FULL verify,direct,0.015625,,,,,,,
754,2026-09-27T06:29:22.355809+00:00,1073741824,16777216,full-tamper-detection,sha256,12,True,4596.4727,,64,warm page cache; direct in-place chunk tamper and FULL verify,direct,0.015625,,,,,,,
755,2026-09-27T06:29:26.997694+00:00,96,0,signature-verify,ecdsa-p256-sha256,0,True,8.5467,,0,not applicable,direct,,,,,,,,
756,2026-09-27T06:29:27.006358+00:00,96,0,signature-verify,ecdsa-p256-sha256,0,True,0.5338,,0,not applicable,direct,,,,,,,,
757,2026-09-27T06:29:27.006959+00:00,96,0,signature-verify,ecdsa-p256-sha256,0,True,0.4017,,0,not applicable,direct,,,,,,,,
758,2026-09-27T06:29:27.007392+00:00,96,0,signature-verify,ecdsa-p256-sha256,0,True,0.3543,,0,not applicable,direct,,,,,,,,
759,2026-09-27T06:29:27.007772+00:00,96,0,signature-verify,ecdsa-p256-sha256,0,True,0.4124,,0,not applicable,direct,,,,,,,,
760,2026-09-27T06:29:27.008222+00:00,96,0,signature-verify,ecdsa-p256-sha256,0,True,0.3684,,0,not applicable,direct,,,,,,,,
761,2026-09-27T06:29:27.008617+00:00,96,0,signature-verify,ecdsa-p256-sha256,0,True,0.3192,,0,not applicable,direct,,,,,,,,
762,2026-09-27T06:29:27.008957+00:00,96,0,signature-verify,ecdsa-p256-sha256,0,True,0.2962,,0,not applicable,direct,,,,,,,,
763,2026-09-27T06:29:27.009272+00:00,96,0,signature-verify,ecdsa-p256-sha256,0,True,0.295,,0,not applicable,direct,,,,,,,,
764,2026-09-27T06:29:27.009590+00:00,96,0,signature-verify,ecdsa-p256-sha256,0,True,0.3215,,0,not applicable,direct,,,,,,,,
765,2026-09-27T06:29:27.009932+00:00,96,0,signature-verify,ecdsa-p256-sha256,0,True,0.3302,,0,not applicable,direct,,,,,,,,
766,2026-09-27T06:29:27.010283+00:00,96,0,signature-verify,ecdsa-p256-sha256,0,True,0.3339,,0,not applicable,direct,,,,,,,,
767,2026-09-27T06:29:27.010641+00:00,96,0,signature-verify,ecdsa-p256-sha256,0,True,0.3261,,0,not applicable,direct,,,,,,,,
768,2026-09-27T06:29:27.010990+00:00,96,0,signature-verify,ecdsa-p256-sha256,0,True,0.304,,0,not applicable,direct,,,,,,,,
769,2026-09-27T06:29:27.011313+00:00,96,0,signature-verify,ecdsa-p256-sha256,0,True,0.3934,,0,not applicable,direct,,,,,,,,
770,2026-09-27T06:29:27.011726+00:00,96,0,signature-verify,ecdsa-p256-sha256,0,True,0.296,,0,not applicable,direct,,,,,,,,
771,2026-09-27T06:29:27.012040+00:00,96,0,signature-verify,ecdsa-p256-sha256,0,True,0.3053,,0,not applicable,direct,,,,,,,,
772,2026-09-27T06:29:27.012365+00:00,96,0,signature-verify,ecdsa-p256-sha256,0,True,0.3142,,0,not applicable,direct,,,,,,,,
773,2026-09-27T06:29:27.012699+00:00,96,0,signature-verify,ecdsa-p256-sha256,0,True,0.2987,,0,not applicable,direct,,,,,,,,
774,2026-09-27T06:29:27.013017+00:00,96,0,signature-verify,ecdsa-p256-sha256,0,True,0.2928,,0,not applicable,direct,,,,,,,,
775,2026-09-27T06:29:27.013327+00:00,96,0,signature-verify,ecdsa-p256-sha256,0,True,0.2836,,0,not applicable,direct,,,,,,,,
776,2026-09-27T06:29:27.013628+00:00,96,0,signature-verify,ecdsa-p256-sha256,0,True,0.3347,,0,not applicable,direct,,,,,,,,
777,2026-09-27T06:29:27.013979+00:00,96,0,signature-verify,ecdsa-p256-sha256,0,True,0.2952,,0,not applicable,direct,,,,,,,,
778,2026-09-27T06:29:27.014292+00:00,96,0,signature-verify,ecdsa-p256-sha256,0,True,0.3275,,0,not applicable,direct,,,,,,,,
779,2026-09-27T06:29:27.014637+00:00,96,0,signature-verify,ecdsa-p256-sha256,0,True,0.3843,,0,not applicable,direct,,,,,,,,
780,2026-09-27T06:29:27.015071+00:00,96,0,signature-verify,ecdsa-p256-sha256,0,True,0.4297,,0,not applicable,direct,,,,,,,,
781,2026-09-27T06:29:27.015527+00:00,96,0,signature-verify,ecdsa-p256-sha256,0,True,0.2939,,0,not applicable,direct,,,,,,,,
782,2026-09-27T06:29:27.015841+00:00,96,0,signature-verify,ecdsa-p256-sha256,0,True,0.2822,,0,not applicable,direct,,,,,,,,
783,2026-09-27T06:29:27.016140+00:00,96,0,signature-verify,ecdsa-p256-sha256,0,True,0.3134,,0,not applicable,direct,,,,,,,,
784,2026-09-27T06:29:27.016479+00:00,96,0,signature-verify,ecdsa-p256-sha256,0,True,0.3931,,0,not applicable,direct,,,,,,,,
785,2026-09-27T06:29:31.276206+00:00,0,128,tamper-corpus,sha256,1,True,7.397,,,small generated structural corpus,direct,,,,False,dev,append,True,gguf
786,2026-09-27T06:29:31.284151+00:00,0,128,tamper-corpus,sha256,1,True,2.5359,,,small generated structural corpus,direct,,,,False,dev,bom_entry_drift,True,gguf
787,2026-09-27T06:29:31.287283+00:00,0,128,tamper-corpus,sha256,1,True,4.0696,,,small generated structural corpus,direct,,,,False,dev,dependency_swap,True,gguf
788,2026-09-27T06:29:31.292375+00:00,0,128,tamper-corpus,sha256,1,True,10.456,,,small generated structural corpus,direct,,,,False,dev,metadata_architecture_edit,True,gguf
789,2026-09-27T06:29:31.303738+00:00,0,128,tamper-corpus,sha256,1,True,34.7578,,,small generated structural corpus,direct,,,,False,dev,metadata_chat_template_injection,True,gguf
790,2026-09-27T06:29:31.361814+00:00,0,128,tamper-corpus,sha256,1,True,27.2895,,,small generated structural corpus,direct,,,,False,dev,metadata_tokenizer_edit,True,gguf
791,2026-09-27T06:29:31.389761+00:00,0,128,tamper-corpus,sha256,1,True,3.6808,,,small generated structural corpus,direct,,,,False,dev,rollback_older_signed_version,True,gguf
792,2026-09-27T06:29:31.393790+00:00,0,128,tamper-corpus,sha256,1,True,7.9035,,,small generated structural corpus,direct,,,,False,dev,signature_stripping,True,gguf
793,2026-09-27T06:29:31.403828+00:00,0,128,tamper-corpus,sha256,1,True,10.9367,,,small generated structural corpus,direct,,,,False,dev,single_bit_header,True,gguf
794,2026-09-27T06:29:31.415870+00:00,0,128,tamper-corpus,sha256,1,True,22.5667,,,small generated structural corpus,direct,,,,False,dev,single_bit_weights,True,gguf
795,2026-09-27T06:29:31.439235+00:00,0,128,tamper-corpus,sha256,1,True,9.4357,,,small generated structural corpus,direct,,,,False,dev,substitution_same_name,True,gguf
796,2026-09-27T06:29:31.449397+00:00,0,128,tamper-corpus,sha256,1,True,8.0479,,,small generated structural corpus,direct,,,,False,dev,tensor_swap,True,gguf
797,2026-09-27T06:29:31.458014+00:00,0,128,tamper-corpus,sha256,1,True,5.093,,,small generated structural corpus,direct,,,,False,dev,truncation,True,gguf
798,2026-09-27T06:29:31.464032+00:00,0,128,tamper-corpus,sha256,1,True,11.3339,,,small generated structural corpus,direct,,,,True,dev,untampered,False,gguf
799,2026-09-27T06:29:31.475874+00:00,0,128,tamper-corpus,sha256,1,True,6.3897,,,small generated structural corpus,direct,,,,False,dev,untrusted_signature,True,gguf
800,2026-09-27T06:29:31.482800+00:00,0,128,tamper-corpus,sha256,1,True,10.5399,,,small generated structural corpus,direct,,,,False,dev,append,True,safetensors
801,2026-09-27T06:29:31.496423+00:00,0,128,tamper-corpus,sha256,1,True,3.3781,,,small generated structural corpus,direct,,,,False,dev,bom_entry_drift,True,safetensors
802,2026-09-27T06:29:31.502002+00:00,0,128,tamper-corpus,sha256,1,True,6.5853,,,small generated structural corpus,direct,,,,False,dev,dependency_swap,True,safetensors
803,2026-09-27T06:29:31.509304+00:00,0,128,tamper-corpus,sha256,1,True,16.9154,,,small generated structural corpus,direct,,,,False,dev,metadata_architecture_edit,True,safetensors
804,2026-09-27T06:29:31.527075+00:00,0,128,tamper-corpus,sha256,1,True,8.5922,,,small generated structural corpus,direct,,,,False,dev,metadata_chat_template_injection,True,safetensors
805,2026-09-27T06:29:31.536181+00:00,0,128,tamper-corpus,sha256,1,True,5.0688,,,small generated structural corpus,direct,,,,False,dev,metadata_tokenizer_edit,True,safetensors
806,2026-09-27T06:29:31.541756+00:00,0,128,tamper-corpus,sha256,1,True,7.73,,,small generated structural corpus,direct,,,,False,dev,rollback_older_signed_version,True,safetensors
807,2026-09-27T06:29:31.556161+00:00,0,128,tamper-corpus,sha256,1,True,1.2336,,,small generated structural corpus,direct,,,,False,dev,signature_stripping,True,safetensors
808,2026-09-27T06:29:31.558193+00:00,0,128,tamper-corpus,sha256,1,True,14.0076,,,small generated structural corpus,direct,,,,False,dev,single_bit_header,True,safetensors
809,2026-09-27T06:29:31.572794+00:00,0,128,tamper-corpus,sha256,1,True,14.504,,,small generated structural corpus,direct,,,,False,dev,single_bit_weights,True,safetensors
810,2026-09-27T06:29:31.587769+00:00,0,128,tamper-corpus,sha256,1,True,10.9267,,,small generated structural corpus,direct,,,,False,dev,substitution_same_name,True,safetensors
811,2026-09-27T06:29:31.601243+00:00,0,128,tamper-corpus,sha256,1,True,8.7186,,,small generated structural corpus,direct,,,,False,dev,tensor_swap,True,safetensors
812,2026-09-27T06:29:31.610390+00:00,0,128,tamper-corpus,sha256,1,True,7.8993,,,small generated structural corpus,direct,,,,False,dev,truncation,True,safetensors
813,2026-09-27T06:29:31.620152+00:00,0,128,tamper-corpus,sha256,1,True,8.9491,,,small generated structural corpus,direct,,,,True,dev,untampered,False,safetensors
814,2026-09-27T06:29:31.629659+00:00,0,128,tamper-corpus,sha256,1,True,16.0188,,,small generated structural corpus,direct,,,,False,dev,untrusted_signature,True,safetensors
815,2026-09-27T06:29:31.650664+00:00,0,128,tamper-corpus,sha256,1,True,18.2146,,,small generated structural corpus,direct,,,,False,test,append,True,gguf
816,2026-09-27T06:29:31.669717+00:00,0,128,tamper-corpus,sha256,1,True,18.3965,,,small generated structural corpus,direct,,,,False,test,bom_entry_drift,True,gguf
817,2026-09-27T06:29:31.688671+00:00,0,128,tamper-corpus,sha256,1,True,7.3752,,,small generated structural corpus,direct,,,,False,test,dependency_swap,True,gguf
818,2026-09-27T06:29:31.696609+00:00,0,128,tamper-corpus,sha256,1,True,8.7956,,,small generated structural corpus,direct,,,,False,test,metadata_architecture_edit,True,gguf
819,2026-09-27T06:29:31.705965+00:00,0,128,tamper-corpus,sha256,1,True,7.5975,,,small generated structural corpus,direct,,,,False,test,metadata_chat_template_injection,True,gguf
820,2026-09-27T06:29:31.714320+00:00,0,128,tamper-corpus,sha256,1,True,7.9838,,,small generated structural corpus,direct,,,,False,test,metadata_tokenizer_edit,True,gguf
821,2026-09-27T06:29:31.722902+00:00,0,128,tamper-corpus,sha256,1,True,7.5578,,,small generated structural corpus,direct,,,,False,test,rollback_older_signed_version,True,gguf
822,2026-09-27T06:29:31.730906+00:00,0,128,tamper-corpus,sha256,1,True,1.3871,,,small generated structural corpus,direct,,,,False,test,signature_stripping,True,gguf
823,2026-09-27T06:29:31.732865+00:00,0,128,tamper-corpus,sha256,1,True,5.5669,,,small generated structural corpus,direct,,,,False,test,single_bit_header,True,gguf
824,2026-09-27T06:29:31.742469+00:00,0,128,tamper-corpus,sha256,1,True,10.8061,,,small generated structural corpus,direct,,,,False,test,single_bit_weights,True,gguf
825,2026-09-27T06:29:31.756553+00:00,0,128,tamper-corpus,sha256,1,True,6.1017,,,small generated structural corpus,direct,,,,False,test,substitution_same_name,True,gguf
826,2026-09-27T06:29:31.763596+00:00,0,128,tamper-corpus,sha256,1,True,10.7831,,,small generated structural corpus,direct,,,,False,test,tensor_swap,True,gguf
827,2026-09-27T06:29:31.775057+00:00,0,128,tamper-corpus,sha256,1,True,7.87,,,small generated structural corpus,direct,,,,False,test,truncation,True,gguf
828,2026-09-27T06:29:31.783704+00:00,0,128,tamper-corpus,sha256,1,True,5.8283,,,small generated structural corpus,direct,,,,True,test,untampered,False,gguf
829,2026-09-27T06:29:31.789959+00:00,0,128,tamper-corpus,sha256,1,True,2.0807,,,small generated structural corpus,direct,,,,False,test,untrusted_signature,True,gguf
830,2026-09-27T06:29:31.792607+00:00,0,128,tamper-corpus,sha256,1,True,5.3213,,,small generated structural corpus,direct,,,,False,test,append,True,safetensors
831,2026-09-27T06:29:31.798721+00:00,0,128,tamper-corpus,sha256,1,True,3.2844,,,small generated structural corpus,direct,,,,False,test,bom_entry_drift,True,safetensors
832,2026-09-27T06:29:31.802914+00:00,0,128,tamper-corpus,sha256,1,True,6.0481,,,small generated structural corpus,direct,,,,False,test,dependency_swap,True,safetensors
833,2026-09-27T06:29:31.809567+00:00,0,128,tamper-corpus,sha256,1,True,6.142,,,small generated structural corpus,direct,,,,False,test,metadata_architecture_edit,True,safetensors
834,2026-09-27T06:29:31.816555+00:00,0,128,tamper-corpus,sha256,1,True,6.3386,,,small generated structural corpus,direct,,,,False,test,metadata_chat_template_injection,True,safetensors
835,2026-09-27T06:29:31.823612+00:00,0,128,tamper-corpus,sha256,1,True,7.8781,,,small generated structural corpus,direct,,,,False,test,metadata_tokenizer_edit,True,safetensors
836,2026-09-27T06:29:31.832545+00:00,0,128,tamper-corpus,sha256,1,True,9.7634,,,small generated structural corpus,direct,,,,False,test,rollback_older_signed_version,True,safetensors
837,2026-09-27T06:29:31.844433+00:00,0,128,tamper-corpus,sha256,1,True,1.4986,,,small generated structural corpus,direct,,,,False,test,signature_stripping,True,safetensors
838,2026-09-27T06:29:31.846662+00:00,0,128,tamper-corpus,sha256,1,True,8.9425,,,small generated structural corpus,direct,,,,False,test,single_bit_header,True,safetensors
839,2026-09-27T06:29:31.856058+00:00,0,128,tamper-corpus,sha256,1,True,5.2916,,,small generated structural corpus,direct,,,,False,test,single_bit_weights,True,safetensors
840,2026-09-27T06:29:31.862056+00:00,0,128,tamper-corpus,sha256,1,True,6.4877,,,small generated structural corpus,direct,,,,False,test,substitution_same_name,True,safetensors
841,2026-09-27T06:29:31.869215+00:00,0,128,tamper-corpus,sha256,1,True,9.3521,,,small generated structural corpus,direct,,,,False,test,tensor_swap,True,safetensors
842,2026-09-27T06:29:31.879904+00:00,0,128,tamper-corpus,sha256,1,True,9.1138,,,small generated structural corpus,direct,,,,False,test,truncation,True,safetensors
843,2026-09-27T06:29:31.889748+00:00,0,128,tamper-corpus,sha256,1,True,6.9274,,,small generated structural corpus,direct,,,,True,test,untampered,False,safetensors
844,2026-09-27T06:29:31.899234+00:00,0,128,tamper-corpus,sha256,1,True,2.6489,,,small generated structural corpus,direct,,,,False,test,untrusted_signature,True,safetensors
